6490199327,Prodder,Books,gravida sem,5391951,20,cubilia curae mauris
0157731316,Job,Grocery,in lectus,6413048,43,tincidunt in leo maecenas pulvinar
0122490843,Vagram,Jewelry,luctus et,8420566,18,maecenas tristique est et tempus semper
5583825723,Bamity,Kids,at,1494037,41,lacus at velit vivamus vel nulla
4521845444,Sub-Ex,Movies,gravida,175163,25,et ultrices posuere cubilia curae
1884366147,Kanlam,Games,ac,4443398,17,vestibulum rutrum rutrum neque aenean
8218617302,Home Ing,Garden,dolor quis,2560076,35,turpis donec posuere
1001130154,Sub-Ex,Outdoors,blandit mi,555120,35,justo in hac habitasse platea dictumst etiam
2702721192,Latlux,Clothing,magna vestibulum,4036249,16,sed tristique in tempus sit
8895394879,Keylex,Baby,ut,4717724,47,imperdiet nullam orci pede venenatis non sodales
2113074079,Flexidy,Toys,nec,9259725,7,quis libero nullam
2308445017,Bytecard,Music,in,2413046,40,at dolor quis
2367993033,Job,Garden,venenatis non,3489970,37,at nunc commodo
9705123659,Asoka,Shoes,et,4598130,46,dis parturient montes nascetur ridiculus mus vivamus
7659781936,Stronghold,Health,mattis odio,7076330,36,ipsum integer a nibh in
9585438240,Bitchip,Automotive,magna at,4330465,6,ac enim in tempor turpis nec euismod
1992146527,Bigtax,Sports,odio condimentum,6888778,26,iaculis diam erat fermentum justo nec condimentum
3501204477,Opela,Toys,vulputate justo,2726204,53,mi sit amet lobortis sapien sapien non
8655503487,Andalax,Industrial,convallis nunc,8861969,10,nullam molestie nibh
9065692479,Tresom,Beauty,diam id,2232427,44,venenatis lacinia aenean sit amet justo morbi
0908081138,Y-Solowarm,Clothing,nec,3636166,13,non mi integer ac neque duis
8449170273,Mat Lam Tam,Computers,turpis,9426535,45,non mauris morbi non lectus aliquam
6345063762,Temp,Movies,eu tincidunt,3470060,24,laoreet ut rhoncus aliquet pulvinar sed nisl
6987062587,Overhold,Garden,vehicula condimentum,1489286,31,eu interdum eu tincidunt
1144374332,Vagram,Outdoors,nulla,9917206,60,pellentesque quisque porta volutpat erat
4832130234,Alpha,Movies,ridiculus,8504473,2,eget rutrum at lorem integer
7794028922,Aerified,Grocery,aliquet pulvinar,7029231,27,vel ipsum praesent blandit
7429105726,Tresom,Clothing,donec odio,2586669,48,vulputate justo in blandit
4768026745,Hatity,Games,congue eget,1374116,5,sapien dignissim vestibulum vestibulum ante
8838950490,Biodex,Automotive,nulla,6037219,43,amet erat nulla
6928974990,Temp,Garden,pharetra magna,2439146,29,nec condimentum neque sapien placerat
8599159380,Viva,Books,at,4542583,28,nascetur ridiculus mus etiam vel
1925679241,Daltfresh,Baby,nibh,8653671,14,consequat ut nulla sed accumsan felis
6497708758,Stringtough,Books,ullamcorper,685670,20,in tempor turpis nec
1048593878,Holdlamis,Grocery,nibh,3770204,43,eget tincidunt eget tempus vel pede
2222121930,Lotlux,Toys,rhoncus sed,6359458,34,nisl ut volutpat sapien
2759010767,Stim,Home,luctus cum,3971856,3,vel enim sit amet nunc viverra dapibus
6485663169,Domainer,Beauty,nulla suspendisse,9975458,17,id lobortis convallis
0429306245,Latlux,Computers,nisl,8389272,27,ac nulla sed vel enim
4363725648,Pannier,Grocery,pede,3924681,15,morbi non lectus aliquam sit amet
0046504990,Quo Lux,Industrial,vitae quam,6085177,8,ultrices libero non mattis
4773110376,Otcom,Beauty,semper rutrum,3439435,26,cubilia curae duis faucibus accumsan odio
0192264028,Zamit,Toys,penatibus et,6472432,35,at feugiat non
6389672969,Redhold,Clothing,pulvinar nulla,6622034,25,etiam justo etiam pretium iaculis justo in
1345828772,Zathin,Shoes,dapibus at,2225186,44,sem duis aliquam convallis nunc proin at
2855212022,Flexidy,Garden,venenatis,3904178,18,sed nisl nunc rhoncus dui vel sem
7480372604,Biodex,Sports,porttitor lorem,2672336,14,nec nisi vulputate nonummy
4680920653,Mat Lam Tam,Automotive,sollicitudin ut,1906513,21,in tempor turpis nec euismod
6193098216,Vagram,Home,quis libero,2125649,56,orci luctus et ultrices posuere cubilia curae
5991420246,Regrant,Garden,in hac,3160613,29,eu mi nulla ac
6380269746,Vagram,Games,eu felis,9119264,54,convallis nunc proin at turpis
2457651166,It,Toys,primis in,7963338,9,aenean auctor gravida
9020987925,Ronstring,Outdoors,praesent,6426186,52,nisi venenatis tristique
0563922265,Tres-Zap,Home,platea,2786674,25,sapien ut nunc vestibulum ante ipsum primis
3675517225,Sonair,Kids,ornare consequat,5949396,17,ullamcorper purus sit
2988905568,Ronstring,Clothing,sociis,5241161,18,convallis eget eleifend luctus ultricies
9269806618,Cardify,Jewelry,aliquet maecenas,4900357,24,porttitor lorem id ligula suspendisse ornare consequat
9397470167,Domainer,Clothing,vel est,5818708,14,proin risus praesent lectus vestibulum quam sapien
3449639676,Sub-Ex,Music,cum,2973376,38,rhoncus sed vestibulum sit amet cursus id
4370552702,Zoolab,Beauty,erat eros,3895147,1,vel enim sit amet nunc
4409263374,Biodex,Automotive,in,3376778,6,nascetur ridiculus mus vivamus vestibulum
5721609451,Voyatouch,Kids,ac,4679994,30,porta volutpat quam pede lobortis ligula
8255325107,Bytecard,Computers,vulputate justo,3217210,54,quis justo maecenas
4973137790,Redhold,Electronics,eros viverra,9541536,57,neque vestibulum eget
2223617719,Y-Solowarm,Baby,nunc viverra,57568,44,justo eu massa donec
7758585132,Sonsing,Books,duis at,9431677,57,in ante vestibulum ante ipsum
5319532563,Asoka,Sports,libero non,9989923,26,placerat ante nulla justo aliquam quis turpis
0144351692,Tres-Zap,Movies,at velit,2146161,58,quis orci eget orci vehicula condimentum
2577448147,Bitchip,Movies,nunc,3497217,39,convallis duis consequat
5903113923,Bitchip,Music,mi sit,5973073,49,cum sociis natoque penatibus et
5847041012,Span,Jewelry,orci,5153020,32,sem fusce consequat
4381203437,Holdlamis,Books,praesent,5098140,25,consequat in consequat ut
1277262055,Andalax,Baby,curabitur at,9939791,40,eleifend donec ut dolor morbi
1799762831,Veribet,Electronics,eget rutrum,1997535,51,libero rutrum ac lobortis vel dapibus
2923826655,Sonair,Music,ridiculus mus,750845,35,porttitor lacus at turpis
3550174373,Tempsoft,Sports,id nulla,9099375,36,mauris eget massa
5956404566,Toughjoyfax,Beauty,at,2603826,21,urna ut tellus nulla
1049654382,Opela,Books,ligula,2453013,29,vestibulum ac est lacinia
9296696038,Stringtough,Toys,ipsum,76558,46,a nibh in
1483738639,Wrapsafe,Clothing,vitae,8454421,43,justo maecenas rhoncus aliquam
9440771364,Keylex,Movies,pede justo,6382335,30,id luctus nec molestie sed justo
7134262324,Trippledex,Kids,in,252118,55,luctus tincidunt nulla mollis molestie
1246723433,Hatity,Toys,libero,9995853,50,dictumst etiam faucibus
7666733097,Hatity,Garden,lobortis,1192449,55,aliquam quis turpis eget elit sodales
9945191659,Ventosanzap,Baby,praesent lectus,4870192,36,vestibulum ante ipsum
0735181926,Bitwolf,Outdoors,odio,7867037,39,turpis a pede
0313015635,Duobam,Automotive,ligula pellentesque,4296594,56,aliquam lacus morbi quis tortor id
3428163087,Lotstring,Beauty,risus,2226380,45,iaculis justo in hac habitasse platea
0953165922,Pannier,Tools,ultrices,2992196,30,ut volutpat sapien arcu sed
8273113132,Gembucket,Music,velit nec,3705414,51,lectus vestibulum quam sapien varius ut
4108578112,Quo Lux,Games,fusce lacus,4287466,18,curabitur at ipsum ac tellus semper interdum
5037683297,Y-find,Computers,et ultrices,770051,29,orci pede venenatis non
9338051374,Stronghold,Sports,dui vel,6286898,34,nonummy integer non velit donec
5229984147,Sub-Ex,Music,ac,7701239,15,pellentesque ultrices phasellus
1840183381,Flowdesk,Movies,sit,4919661,37,curabitur in libero ut
7288579239,Alpha,Kids,ultrices,819840,13,vulputate elementum nullam varius
9503263026,Sonair,Grocery,arcu sed,8016948,20,curae duis faucibus accumsan odio
5014048161,Cardify,Movies,nascetur,5727245,49,sed augue aliquam
3229318145,Tempsoft,Outdoors,mi pede,9117422,29,cras in purus eu
4704606155,Tresom,Movies,sodales sed,1925142,47,lectus pellentesque eget nunc donec quis orci
8770910170,Overhold,Baby,duis consequat,1361669,6,ipsum dolor sit
7187366701,Viva,Movies,euismod,7092178,19,faucibus orci luctus et ultrices posuere cubilia
4475794145,Mat Lam Tam,Beauty,nunc,631429,51,posuere cubilia curae
3545839060,Sub-Ex,Grocery,scelerisque mauris,6245689,53,quam a odio in hac
0243228813,Wrapsafe,Movies,ut at,1090932,11,mauris laoreet ut rhoncus aliquet
0387496017,Cookley,Beauty,nulla,3637451,27,eu magna vulputate
6182437537,Span,Sports,habitasse,1900586,14,porta volutpat erat quisque erat
9067194778,Konklux,Industrial,bibendum,6081759,54,cubilia curae donec pharetra magna
8919289166,Matsoft,Home,facilisi cras,1827936,33,quisque porta volutpat erat quisque erat
3837595366,Namfix,Toys,id,5029073,27,quis odio consequat varius integer ac leo
5873619069,Greenlam,Baby,vestibulum ac,1157772,9,montes nascetur ridiculus mus etiam vel augue
4045452168,Solarbreeze,Garden,viverra dapibus,6063008,15,ut erat curabitur gravida nisi
4429852251,Stim,Baby,vitae consectetuer,34340,45,massa id lobortis convallis tortor risus
8908474552,Zamit,Music,libero nullam,2657432,2,cum sociis natoque penatibus
5748579162,Fixflex,Computers,erat,3185520,56,eget vulputate ut ultrices
7583893178,Cardify,Automotive,mauris,8510892,44,erat vestibulum sed magna
7655999716,Bigtax,Kids,sit,7786448,36,elementum nullam varius nulla facilisi
4759409734,Flowdesk,Books,quam,8217699,49,convallis eget eleifend luctus ultricies eu
3300323991,Zontrax,Shoes,nisl,8778513,11,ut ultrices vel augue vestibulum ante ipsum
1282287796,Flexidy,Computers,enim leo,2238081,5,ut erat curabitur gravida
9787932769,Sonair,Toys,nisi vulputate,3704849,23,mauris sit amet
1635821169,Stim,Grocery,ut,3208478,15,magna ac consequat metus sapien ut nunc
2278988050,Viva,Computers,fusce congue,8033257,12,cursus vestibulum proin eu mi nulla
3483520953,Flexidy,Home,tellus,1874825,7,nunc nisl duis bibendum felis sed interdum
3652411625,Fix San,Health,id sapien,3713914,52,sapien placerat ante nulla justo aliquam
0774844515,Zoolab,Baby,hac habitasse,5959489,54,ipsum aliquam non mauris morbi non
6733387875,Andalax,Kids,iaculis justo,6008672,29,nulla ut erat id mauris vulputate
2748160606,Prodder,Grocery,tortor,8628412,33,pretium nisl ut volutpat
3607066965,Tampflex,Garden,in hac,6119252,8,volutpat sapien arcu sed augue
6567690542,Kanlam,Outdoors,tincidunt ante,6113105,35,primis in faucibus orci luctus et
3280337925,Bitwolf,Garden,enim,7919695,33,sapien a libero nam dui
6438972606,Voyatouch,Home,faucibus,9474959,27,massa id nisl venenatis lacinia
2238574255,Span,Industrial,suscipit a,229191,37,lacus curabitur at ipsum ac
0541573233,Fix San,Music,ac lobortis,3460043,5,quis lectus suspendisse potenti in eleifend
7247679239,Bitwolf,Health,rutrum,899533,47,integer non velit donec
5983691295,Fix San,Shoes,blandit,1580229,2,in lectus pellentesque
3474926144,Temp,Music,ante,4194081,30,potenti in eleifend
6278776510,Keylex,Clothing,mauris,9248201,17,rutrum rutrum neque
6447338191,Temp,Industrial,nisi,1084127,30,pellentesque ultrices mattis odio donec
1067423451,Zamit,Movies,tincidunt,4733354,46,lacinia aenean sit amet justo morbi ut
8554881656,Tresom,Home,nisl,5690227,54,morbi ut odio
0192805622,Cardify,Electronics,adipiscing lorem,514685,39,erat vestibulum sed magna at
2973705800,Zamit,Games,non quam,7193620,37,a nibh in
1403588430,Bytecard,Outdoors,lacinia,7674044,60,rhoncus mauris enim leo rhoncus
0756014921,Keylex,Baby,in,9034302,12,semper porta volutpat quam
1991865554,It,Shoes,congue,5251019,36,vestibulum ante ipsum primis in faucibus
8147444230,Voyatouch,Grocery,pede,9391831,51,felis sed lacus morbi sem mauris laoreet
1388006367,Subin,Garden,orci pede,7833943,45,varius ut blandit non
7054105710,Veribet,Shoes,a,2532026,9,integer a nibh
1819344010,Tampflex,Industrial,eu,8957723,53,eu nibh quisque id justo sit
7230825431,Cookley,Industrial,justo aliquam,2370409,40,proin eu mi
5265032614,Home Ing,Toys,aliquet pulvinar,5357384,33,massa volutpat convallis morbi
8344948363,Asoka,Home,nisi,3569019,28,at vulputate vitae nisl
0431479674,Fixflex,Shoes,at lorem,8389112,54,pellentesque eget nunc donec quis
3209555079,Sonsing,Automotive,est risus,5412149,37,consequat metus sapien
5152117398,Fintone,Tools,libero convallis,1941267,28,cursus vestibulum proin eu mi
0743822838,Konklux,Shoes,nunc,4395923,16,suspendisse potenti nullam porttitor lacus at
6657520123,Overhold,Electronics,sapien non,2173182,8,proin interdum mauris non ligula
0208044671,Tin,Clothing,in,3186066,44,ultrices posuere cubilia curae nulla dapibus
8681582003,Flexidy,Beauty,odio consequat,5619242,35,nibh quisque id
3110635038,Tempsoft,Sports,feugiat,1562934,28,sociis natoque penatibus et magnis dis parturient
9748842940,Solarbreeze,Toys,luctus et,951720,10,purus sit amet
8771661204,Andalax,Health,mus,975528,14,est et tempus semper est quam pharetra
4297043963,Zathin,Shoes,vel,1900660,46,ante vestibulum ante ipsum primis in faucibus
5467553666,It,Industrial,lectus in,9310968,60,integer a nibh in quis
7214934310,Lotstring,Games,blandit mi,8690025,45,ipsum primis in faucibus orci luctus
5765000738,Alphazap,Health,id sapien,2785404,27,ridiculus mus etiam
2951533748,Flowdesk,Toys,erat vestibulum,2678255,52,tincidunt ante vel ipsum
4398702342,Duobam,Books,fusce posuere,8499150,39,proin leo odio porttitor id
4448400794,Gembucket,Home,tellus,4440337,26,magnis dis parturient montes
2579660119,Treeflex,Clothing,pellentesque,5128375,55,curabitur gravida nisi at
0576977624,Flexidy,Music,consectetuer,1368235,46,sapien cursus vestibulum proin eu
1707785864,Tin,Shoes,feugiat et,6205425,31,vestibulum vestibulum ante ipsum primis
4829330376,Flowdesk,Outdoors,morbi quis,3584125,35,felis sed interdum venenatis turpis enim
6571194260,Zontrax,Sports,amet cursus,3270849,53,augue vestibulum rutrum rutrum
1716594561,Greenlam,Garden,nunc,7134763,28,non lectus aliquam sit amet
4765170993,Viva,Home,neque sapien,2561413,54,eget tempus vel
6026621970,Solarbreeze,Industrial,eleifend pede,6218069,24,in consequat ut
4754666542,Toughjoyfax,Music,maecenas,7757721,51,fusce congue diam id
8457800418,Aerified,Toys,mi in,9044576,56,consectetuer eget rutrum at lorem integer
3441873270,Lotstring,Outdoors,venenatis turpis,7087812,31,dolor vel est donec odio justo
2422461565,Transcof,Clothing,quam,9859118,40,odio porttitor id
4839919364,Voyatouch,Outdoors,mattis odio,8301164,58,sed tristique in tempus
4169925882,Stim,Shoes,vitae,999344,10,phasellus sit amet erat
6672361227,Wrapsafe,Baby,in quis,2395077,9,nisl duis ac nibh fusce
9258610024,Andalax,Health,elit,5764732,32,magnis dis parturient
7979002873,Daltfresh,Baby,ornare consequat,5207164,25,ac consequat metus sapien ut
7503055049,Veribet,Tools,risus dapibus,1177131,3,nisl duis bibendum
7871071955,Lotstring,Sports,vitae nisl,2927570,15,elementum in hac habitasse
6032476758,Opela,Sports,primis,3707845,58,nulla justo aliquam quis
4646207761,Lotlux,Outdoors,lorem quisque,6751653,6,mauris sit amet eros suspendisse
4624082702,Zoolab,Baby,rhoncus aliquet,1276772,50,nonummy integer non velit donec diam
3195945142,Konklux,Baby,feugiat,4281172,30,lectus aliquam sit
1771361425,Zaam-Dox,Toys,enim blandit,4185260,28,quam pede lobortis ligula
0142858145,Namfix,Grocery,ultrices vel,5625345,50,faucibus orci luctus et ultrices posuere cubilia
2605138097,Lotlux,Toys,platea dictumst,4400614,50,leo odio porttitor
2249715270,Cookley,Garden,erat,2612311,15,molestie nibh in lectus
8398443030,Fix San,Health,pretium,8113194,48,sem mauris laoreet ut rhoncus
9514587065,Konklux,Shoes,turpis,4806769,6,donec semper sapien a libero nam
2353553745,Namfix,Computers,interdum in,1029776,28,fermentum donec ut mauris eget massa
7645913053,Cardify,Baby,dapibus duis,2090572,2,bibendum felis sed interdum venenatis
8388065483,Latlux,Music,donec posuere,392726,31,justo in hac habitasse platea dictumst
2070130061,Solarbreeze,Electronics,mauris vulputate,6056658,29,nec euismod scelerisque quam
7173687756,Job,Jewelry,risus auctor,1170350,31,in quam fringilla rhoncus mauris
0756452694,Redhold,Toys,consectetuer eget,2934875,57,odio curabitur convallis duis consequat
2364058732,Wrapsafe,Shoes,amet consectetuer,9631030,31,quisque porta volutpat erat
5855121119,Zontrax,Computers,turpis,2831597,22,luctus rutrum nulla tellus in
7057020775,Treeflex,Games,molestie hendrerit,2524406,32,proin eu mi nulla ac
7787160578,Zontrax,Outdoors,ut erat,9826817,45,nisl nunc nisl duis
6418410564,Konklab,Toys,molestie,7739939,23,sodales scelerisque mauris sit amet eros
1913323927,Toughjoyfax,Health,ut,8647970,45,sed interdum venenatis turpis enim
1673473601,Prodder,Baby,orci,2134325,28,nibh in hac habitasse
1154538427,Flexidy,Toys,lorem ipsum,6893091,37,sit amet erat nulla tempus
6438690562,Stringtough,Tools,platea,6822723,24,pede ac diam cras
2726176291,Vagram,Computers,eu interdum,9910508,59,metus vitae ipsum
2084101379,Lotlux,Kids,in,8780835,6,erat tortor sollicitudin mi sit
4475233461,Bigtax,Games,vestibulum ac,855918,45,erat quisque erat eros viverra
8847736099,Bigtax,Clothing,ante,4301968,13,sit amet consectetuer
5102975889,Cardify,Electronics,porta volutpat,481854,60,orci luctus et ultrices posuere
4163894055,Alphazap,Industrial,accumsan,1497125,31,tincidunt ante vel ipsum
7635744933,Asoka,Beauty,tellus,5439694,56,ac nibh fusce lacus
3727273860,Sub-Ex,Industrial,integer aliquet,5081034,32,nisi nam ultrices libero non
3158144484,Konklab,Grocery,feugiat,6336543,1,nam dui proin leo
6086124973,Bamity,Grocery,vivamus vel,5532704,54,posuere metus vitae ipsum aliquam
7436896628,Asoka,Sports,nascetur ridiculus,2347484,39,in lectus pellentesque at nulla
6357769118,Ventosanzap,Garden,aliquet,6941039,2,etiam vel augue vestibulum rutrum
8438020070,Holdlamis,Music,nullam molestie,5149096,43,sem fusce consequat nulla nisl nunc nisl
9889293900,Zaam-Dox,Jewelry,non interdum,7041376,57,quisque erat eros viverra
3100158199,Subin,Grocery,molestie,3430229,18,nibh ligula nec sem
7253081129,Transcof,Industrial,id,755011,57,parturient montes nascetur ridiculus mus
5076582463,Aerified,Home,in quis,1428487,10,tempor turpis nec euismod scelerisque quam turpis
1311186492,Lotstring,Toys,quis tortor,3700738,52,erat id mauris vulputate elementum
2650776846,Bitwolf,Toys,morbi quis,9760412,49,scelerisque quam turpis adipiscing
2175092976,Cardify,Books,dui,8910437,3,primis in faucibus orci luctus et
0049372246,Alpha,Computers,odio condimentum,8770360,41,sit amet sem
2752243251,Span,Electronics,integer,9293242,30,lacinia erat vestibulum sed
5221146126,Latlux,Toys,amet sapien,5125665,14,in sagittis dui vel nisl
4327984523,Treeflex,Kids,sed ante,3471626,48,scelerisque mauris sit amet eros
2912925355,It,Computers,nullam,6411520,25,feugiat et eros
9858165331,Latlux,Books,tortor,5215704,20,vestibulum ante ipsum primis in
9046119610,Opela,Tools,ligula in,1408832,51,accumsan felis ut at dolor quis odio
0506848051,Bytecard,Toys,nunc,1006478,29,in hac habitasse platea dictumst aliquam augue
6422874464,Greenlam,Industrial,lorem,6610190,55,accumsan tortor quis turpis sed ante
0218874308,Cardguard,Clothing,posuere felis,836033,50,a suscipit nulla elit
5291368969,Sonsing,Computers,cum sociis,8167319,57,natoque penatibus et magnis dis
2409496997,Solarbreeze,Toys,ante vestibulum,732985,41,aliquet at feugiat non pretium quis lectus
9450436290,Viva,Books,ac enim,3624939,7,in faucibus orci luctus
9776296149,Lotstring,Baby,non,2004189,9,donec pharetra magna vestibulum aliquet
5899848537,Cardify,Baby,pede,3798364,12,proin interdum mauris
9980561432,Daltfresh,Automotive,quam,3169398,38,porta volutpat erat
6359454750,Pannier,Movies,consectetuer,2095449,57,facilisi cras non
0440635470,Matsoft,Games,magnis dis,6068212,43,amet cursus id turpis integer aliquet massa
7926217034,Mat Lam Tam,Grocery,rhoncus sed,527734,17,consequat morbi a ipsum integer a
6255549984,Flexidy,Music,libero,964584,27,velit eu est congue elementum in hac
6726025084,Konklab,Grocery,fusce posuere,8115870,24,quam sollicitudin vitae consectetuer eget rutrum
7220749147,Fix San,Games,libero,5189585,60,faucibus cursus urna ut
9858449747,Prodder,Books,lacus,4735950,31,morbi a ipsum integer a
6238372699,Regrant,Home,natoque,9135445,13,condimentum id luctus nec molestie
4401600649,Lotstring,Computers,nulla,4928696,21,pede malesuada in
2537756266,Redhold,Clothing,aliquet,6377390,49,felis sed interdum venenatis turpis enim blandit
2902062788,Stronghold,Beauty,aliquam,9050698,16,rutrum neque aenean auctor gravida sem praesent
0903985357,Flexidy,Clothing,eget,2720350,56,augue luctus tincidunt nulla
8417805214,Stronghold,Grocery,ante vestibulum,6124429,38,vestibulum vestibulum ante ipsum primis
7556358917,Tresom,Industrial,vulputate vitae,967778,11,aliquet pulvinar sed nisl nunc
3774702144,Treeflex,Automotive,volutpat,2507498,6,integer a nibh in
7852750133,Redhold,Computers,venenatis,8404657,12,quisque erat eros
6862089471,Wrapsafe,Tools,at,2251265,54,platea dictumst aliquam augue quam
9366307108,Gembucket,Garden,iaculis,8788023,14,turpis nec euismod
1938449924,Lotlux,Clothing,pellentesque eget,9332323,6,quam nec dui luctus
9309233559,Flexidy,Tools,nulla,1734856,50,in est risus auctor sed
9979208201,Fix San,Home,et commodo,4984650,14,lacinia aenean sit amet justo morbi ut
1810433541,Tin,Jewelry,sed,4406081,43,nulla elit ac nulla sed vel enim
9529834543,Bigtax,Garden,curae,8859360,9,auctor sed tristique in tempus sit amet
6598056020,Mat Lam Tam,Industrial,platea,9685923,36,nulla ultrices aliquet maecenas leo odio condimentum
4515648160,Opela,Clothing,ligula,2628112,49,magna at nunc commodo placerat praesent blandit
1751424774,Wrapsafe,Clothing,ullamcorper purus,2021801,20,augue a suscipit nulla elit ac nulla
9199393255,Bamity,Tools,tortor,8950867,56,lectus aliquam sit amet diam
9700827933,Namfix,Toys,erat vestibulum,3559643,28,turpis adipiscing lorem vitae mattis
3169448625,Y-find,Shoes,ante ipsum,405398,14,ornare consequat lectus
7948379924,Bytecard,Automotive,sit amet,9457423,19,dolor vel est donec odio justo sollicitudin
9621945070,Latlux,Baby,eu massa,5621750,26,curabitur at ipsum ac tellus semper
3584091187,Otcom,Shoes,ut,429488,40,non mauris morbi non lectus aliquam sit
2896659528,Gembucket,Health,nam nulla,7443093,39,nisi volutpat eleifend donec ut dolor
8604607846,Sub-Ex,Industrial,volutpat,8228789,25,a pede posuere
4315134066,Transcof,Computers,mauris,1053041,32,eu felis fusce posuere felis
2314214412,Cookley,Garden,magna,6514234,3,posuere cubilia curae nulla dapibus dolor vel
8480554614,Cardguard,Toys,blandit mi,4909658,21,curabitur gravida nisi
5735742213,Y-Solowarm,Electronics,quis,4477044,56,neque aenean auctor gravida sem praesent
6053163503,Tres-Zap,Industrial,interdum,4086226,41,sem sed sagittis nam congue risus
6839475190,Keylex,Books,metus aenean,6151197,28,accumsan odio curabitur convallis duis consequat dui
4634116294,Fixflex,Books,augue,2402160,35,ipsum primis in
6446789475,Matsoft,Sports,quam a,6030864,38,viverra dapibus nulla suscipit ligula in
4348957495,Solarbreeze,Electronics,dui vel,6112360,6,rutrum neque aenean auctor gravida sem
3387296894,Veribet,Home,nascetur,6559392,29,proin risus praesent lectus
7007104339,Tempsoft,Grocery,enim lorem,3188084,9,eget elit sodales scelerisque mauris
7422466014,Flowdesk,Games,justo nec,3762249,49,lacinia eget tincidunt eget tempus vel pede
9304920876,Cookley,Books,proin leo,5151017,9,amet turpis elementum
5160735038,Alpha,Jewelry,eros viverra,8669022,18,ridiculus mus vivamus vestibulum sagittis sapien
8344456444,Holdlamis,Clothing,curabitur,3486522,60,erat fermentum justo nec
8639885486,Temp,Movies,vel est,7913537,14,quam pede lobortis ligula sit amet eleifend
9909097877,Y-Solowarm,Kids,quis,4877521,52,ac tellus semper interdum
2980731463,Temp,Automotive,lectus aliquam,994156,44,nullam varius nulla facilisi
0610144596,Stronghold,Shoes,leo,7861245,2,cras non velit nec nisi vulputate nonummy
4383771548,Regrant,Grocery,id nisl,6950115,28,dis parturient montes nascetur
9335395196,Stringtough,Health,lacus,8892076,40,magna bibendum imperdiet nullam orci pede
5419373343,Otcom,Grocery,natoque penatibus,200662,16,congue risus semper porta
2647897948,Cookley,Sports,id,9185319,11,habitasse platea dictumst maecenas
1279048387,Tresom,Clothing,donec,2697020,44,curae duis faucibus accumsan odio curabitur
4596025169,Viva,Toys,tellus nisi,9262274,28,lacinia erat vestibulum sed magna
3242460391,Tempsoft,Jewelry,ridiculus,8835476,18,duis at velit eu
0189180722,Konklux,Electronics,luctus et,3526116,56,pede justo eu
7367368265,Treeflex,Home,tempus sit,2099994,53,sapien in sapien iaculis congue
1065063482,Duobam,Industrial,felis,1919961,3,faucibus cursus urna ut tellus nulla ut
3530521299,Holdlamis,Clothing,eget,2076761,16,amet justo morbi ut odio
8578862481,Vagram,Movies,in,2959330,6,nulla justo aliquam quis turpis
5851367075,Viva,Toys,vel pede,9836687,7,eget elit sodales scelerisque mauris sit
9781708379,Ronstring,Health,curabitur,7402305,7,cubilia curae mauris viverra diam vitae
9845152856,Sonsing,Games,amet,9890728,13,id ligula suspendisse
7923974039,Transcof,Computers,at feugiat,6001243,44,justo pellentesque viverra pede ac
7734420486,Quo Lux,Home,venenatis,7832468,38,at dolor quis odio
9918369485,Home Ing,Garden,nisl aenean,9683795,48,eget eros elementum pellentesque quisque
2019705524,Home Ing,Industrial,quis,511347,4,diam vitae quam suspendisse potenti nullam
4269312777,Tin,Books,ante,3116265,45,ante vivamus tortor duis mattis egestas
6202046392,It,Grocery,magna at,4006218,34,primis in faucibus orci luctus et
1903173825,Tempsoft,Tools,libero ut,2434507,33,facilisi cras non velit nec nisi
8427653263,Bitwolf,Music,in,6668922,41,justo maecenas rhoncus aliquam lacus
4426701074,Quo Lux,Books,dui vel,9494274,37,nec nisi volutpat eleifend donec
0730793478,Trippledex,Industrial,quis,759865,3,nunc nisl duis
9457029283,Veribet,Grocery,vel,104918,52,odio curabitur convallis duis consequat dui
9460669689,Ventosanzap,Shoes,quam a,3014435,44,suspendisse ornare consequat lectus in
9141775457,Subin,Clothing,augue,2741728,59,ipsum primis in faucibus orci luctus
2199912329,Hatity,Health,nonummy integer,8189409,50,felis fusce posuere felis sed
2589818874,Voltsillam,Home,quis odio,6711639,4,felis donec semper sapien a libero nam
8423904962,Ronstring,Tools,odio donec,6627961,1,semper porta volutpat quam pede
0658614916,Voltsillam,Jewelry,rhoncus aliquet,7828019,42,imperdiet sapien urna pretium nisl ut
1539472868,Gembucket,Outdoors,ut,9561812,35,nullam orci pede
8949148935,Prodder,Outdoors,venenatis,7556040,47,ut erat curabitur gravida nisi
7651016734,Namfix,Automotive,in,2293090,55,aliquet pulvinar sed nisl nunc rhoncus dui
2679279549,Tres-Zap,Automotive,turpis,566696,21,eget vulputate ut ultrices vel augue vestibulum
3144158798,Hatity,Computers,et,907432,58,ante ipsum primis
4151293752,Bitchip,Garden,ipsum,7772689,15,ultrices enim lorem ipsum dolor
9967351659,It,Automotive,sed,8255738,50,purus phasellus in
9046366545,Bigtax,Garden,nec,1287987,1,a odio in hac
7553874744,Zaam-Dox,Kids,id,25934,59,odio cras mi pede malesuada in imperdiet
8540968282,Zontrax,Industrial,diam erat,9822753,51,tellus in sagittis dui vel nisl
3848767694,Stronghold,Outdoors,curae duis,4625010,10,iaculis diam erat
9820337755,Tin,Games,adipiscing,8101406,25,id turpis integer aliquet massa id lobortis
1875121978,Duobam,Jewelry,platea dictumst,6709216,22,quis turpis sed ante vivamus tortor
0772172196,Tampflex,Electronics,et ultrices,2937766,45,praesent blandit nam nulla integer pede justo
2821072538,Konklab,Sports,ut,2771102,38,aenean lectus pellentesque eget
9210478363,Ronstring,Movies,lorem vitae,2170199,29,ante ipsum primis in
2680300874,Pannier,Shoes,pede,7472033,13,orci luctus et ultrices posuere cubilia curae
9195079173,Hatity,Clothing,integer,3964896,34,nibh quisque id justo sit
3189737126,Lotstring,Health,volutpat convallis,4881844,5,vivamus tortor duis mattis egestas metus aenean
8030229089,Treeflex,Tools,nisl nunc,8129026,21,augue vestibulum rutrum rutrum neque
9401956790,Duobam,Jewelry,lacus,981893,33,in libero ut massa
5271238989,Stringtough,Jewelry,condimentum,1319277,40,proin eu mi nulla ac
3006872282,Sonair,Electronics,duis ac,443751,27,consequat dui nec nisi volutpat
1432514792,Transcof,Tools,ipsum dolor,6999020,56,non mi integer ac neque duis
7239623149,Job,Clothing,imperdiet nullam,8922448,10,felis ut at
9742083045,Bytecard,Shoes,dui,4519306,51,a odio in hac habitasse
6391484082,It,Tools,posuere cubilia,393558,29,pede libero quis
5201547028,Trippledex,Books,in leo,4861286,20,pellentesque eget nunc
7353063890,Aerified,Clothing,rhoncus mauris,216432,54,volutpat erat quisque
4935125055,Pannier,Games,tristique est,5560750,35,id turpis integer aliquet
7292160263,Cardify,Books,velit eu,2190155,37,eget rutrum at lorem
2467392422,Y-find,Books,eros vestibulum,5483129,51,dictumst morbi vestibulum velit id pretium iaculis
7387399158,Voltsillam,Beauty,ultrices,7510139,32,risus praesent lectus vestibulum quam sapien varius
1704238706,Namfix,Industrial,neque,8780609,27,ac neque duis bibendum morbi
8181557565,Holdlamis,Outdoors,diam vitae,3469773,6,vel nisl duis ac nibh fusce
2622484720,Toughjoyfax,Sports,convallis,5208877,4,eget semper rutrum
4273494817,Treeflex,Automotive,dolor,4938429,34,volutpat erat quisque erat
8973319701,Sonair,Tools,in leo,8388825,28,pellentesque ultrices phasellus id sapien in sapien
1715293983,Bamity,Music,amet,5085823,36,justo sollicitudin ut suscipit a feugiat et
7860499355,Andalax,Sports,vel,2687384,60,ac neque duis bibendum morbi non quam
8612593913,Holdlamis,Sports,erat,39219,19,pede justo eu massa donec
5469406172,Redhold,Outdoors,in,9558003,13,sed tristique in
7168796437,Lotlux,Outdoors,posuere,5544300,41,curabitur convallis duis consequat dui nec
1003421148,Trippledex,Music,penatibus,927990,4,in tempus sit amet sem
2297466323,Alphazap,Industrial,ut,2816621,56,mauris non ligula pellentesque
6348882837,Holdlamis,Movies,nibh,3673130,32,dolor sit amet consectetuer adipiscing elit
4559752664,Keylex,Outdoors,nulla,9247918,18,erat quisque erat eros viverra eget congue
5696017118,Fintone,Grocery,tincidunt eu,3203925,50,lacus curabitur at ipsum
3562664095,Namfix,Garden,pellentesque quisque,4082702,4,amet cursus id turpis
8633616092,Holdlamis,Home,fermentum,1531305,55,rhoncus aliquam lacus morbi quis tortor id
7516422134,Stringtough,Industrial,mauris,8297043,29,vestibulum sit amet cursus id
3948502641,Toughjoyfax,Clothing,amet sem,4203414,55,arcu adipiscing molestie hendrerit at vulputate
7484258156,Zathin,Games,nisl,6210640,39,in faucibus orci luctus
4925957376,Domainer,Beauty,pede lobortis,6784351,59,in quam fringilla
4176094478,Solarbreeze,Toys,at,4055210,8,rutrum rutrum neque aenean auctor gravida sem
5512162942,Bitchip,Industrial,rutrum ac,8856164,36,dictumst morbi vestibulum velit id pretium
6339724752,Gembucket,Garden,odio curabitur,7441695,25,platea dictumst morbi
8041003303,Solarbreeze,Home,amet lobortis,7066491,11,leo maecenas pulvinar lobortis est
7128635572,Bytecard,Music,justo pellentesque,2217172,5,integer ac leo pellentesque
2352015707,Sub-Ex,Kids,augue aliquam,7541186,51,eu interdum eu tincidunt in leo maecenas
9790737807,Regrant,Health,non sodales,8592910,27,velit eu est congue elementum in hac
1202454526,It,Games,donec odio,2934507,20,consequat lectus in est risus
9088304688,Konklab,Outdoors,nonummy,7345556,4,ac enim in
9030125233,Zamit,Outdoors,lacinia,9275849,18,at lorem integer tincidunt ante vel
8458420856,Andalax,Health,eget,5304807,2,venenatis tristique fusce congue diam id
2316719392,Konklab,Health,non interdum,6581580,3,vel nulla eget
1033551686,Ronstring,Shoes,amet erat,9466081,15,nulla dapibus dolor vel est donec
3156710873,Domainer,Beauty,nibh,8570916,53,sapien arcu sed augue aliquam
8161948518,Otcom,Industrial,vel,1706070,60,porttitor id consequat
6362278828,Konklab,Computers,in faucibus,4760463,28,imperdiet sapien urna pretium nisl ut volutpat
6318380000,Fintone,Toys,quisque ut,9007203,4,non lectus aliquam sit
7649701670,Kanlam,Jewelry,luctus,227612,48,sed lacus morbi sem
3847308114,Overhold,Health,sapien placerat,6729844,54,ipsum ac tellus
4104346357,Latlux,Sports,quam pharetra,720936,57,orci vehicula condimentum curabitur in
3347718496,Keylex,Games,id,3559890,19,maecenas pulvinar lobortis est phasellus
6656290787,Alphazap,Garden,maecenas,8682068,18,vestibulum sagittis sapien cum sociis
0123947413,Viva,Toys,justo,6617107,57,sed sagittis nam congue
6810353186,Andalax,Outdoors,leo,6076810,37,ultrices posuere cubilia curae donec pharetra
3738025340,Holdlamis,Shoes,dolor morbi,4849290,20,in faucibus orci luctus et
1561224847,Gembucket,Sports,sed,6334873,3,morbi quis tortor id nulla ultrices aliquet
9281123754,Prodder,Beauty,lobortis,507442,43,ultrices enim lorem ipsum
6107786570,Matsoft,Automotive,vulputate justo,5755251,56,libero nam dui proin leo odio porttitor
4872185374,Zoolab,Health,volutpat erat,9964454,1,non mi integer ac neque
6080267691,Bigtax,Movies,lacus,9603664,28,varius integer ac
3429966914,Gembucket,Automotive,dis parturient,2451881,5,erat id mauris
8722819320,It,Books,turpis,8702707,53,maecenas rhoncus aliquam lacus morbi quis
1044448105,Viva,Beauty,amet,3732799,27,leo pellentesque ultrices mattis
3616743389,Mat Lam Tam,Games,phasellus in,7159217,53,pede ullamcorper augue a suscipit nulla
7552935537,Bamity,Jewelry,vestibulum,7554023,7,sit amet diam
9316358043,Overhold,Movies,at,7491255,35,cras mi pede malesuada
5461497365,Prodder,Shoes,pharetra magna,4638059,36,at ipsum ac tellus
1412047544,Zoolab,Movies,accumsan,416623,40,odio donec vitae nisi nam ultrices
7918012526,Biodex,Garden,maecenas pulvinar,8250414,20,interdum venenatis turpis enim blandit
0824107330,Keylex,Jewelry,libero,783479,26,elit sodales scelerisque mauris sit
1501779028,Andalax,Electronics,nunc donec,606862,42,in faucibus orci luctus et ultrices posuere
7770999480,Subin,Computers,amet diam,856419,57,congue diam id ornare imperdiet sapien
8184758782,Tresom,Grocery,non,4145246,32,justo morbi ut odio
1855719606,Treeflex,Home,purus phasellus,6311873,21,quisque porta volutpat erat quisque erat
8511538550,Tresom,Games,tortor eu,4338474,39,proin leo odio
0718285867,Temp,Tools,quis orci,2488041,13,diam vitae quam suspendisse potenti nullam
0954978226,Bytecard,Industrial,mi sit,5155731,7,primis in faucibus orci luctus et
3321386127,Job,Garden,maecenas ut,2871719,34,porttitor id consequat in consequat ut
9855032268,Y-find,Sports,libero,2367184,44,interdum mauris ullamcorper
7678904142,Flowdesk,Electronics,imperdiet,8177218,5,luctus cum sociis natoque penatibus et
5072121097,Sub-Ex,Movies,turpis a,5308537,24,tristique fusce congue diam id ornare
9222444582,Holdlamis,Books,quisque,6276631,11,aliquet massa id
6777182853,It,Beauty,proin risus,4220482,42,justo pellentesque viverra pede ac diam cras
6707823647,Tresom,Beauty,sapien ut,4440881,23,eget semper rutrum
1138399132,Toughjoyfax,Toys,in lectus,7907883,22,eros suspendisse accumsan tortor quis
8243990992,Keylex,Music,duis bibendum,8638816,59,dis parturient montes nascetur ridiculus
0256502803,Ronstring,Games,nibh,1082434,55,suscipit nulla elit
7711299850,Regrant,Toys,nulla tellus,5659705,16,vitae consectetuer eget rutrum at lorem integer
2689733420,Ventosanzap,Sports,congue,8118881,52,suscipit nulla elit ac nulla sed vel
8814790248,Bamity,Garden,integer a,15135,33,vestibulum proin eu mi nulla ac
6206560635,Tampflex,Garden,porta volutpat,7887856,3,dapibus duis at velit eu est
6480879333,Pannier,Computers,amet lobortis,1842834,44,quis turpis eget
9306399294,Sub-Ex,Electronics,tortor,7167827,20,magna at nunc commodo placerat praesent
9732418729,Zathin,Kids,consequat nulla,4002199,54,est risus auctor sed tristique in
9038241976,Tempsoft,Music,libero,5420081,37,vestibulum aliquet ultrices erat tortor sollicitudin
7807245360,Tempsoft,Toys,dapibus,7278954,13,nisl nunc rhoncus dui vel sem
9357080899,Opela,Beauty,fusce,765777,34,cursus vestibulum proin
8487348807,Overhold,Beauty,elit proin,2726994,22,sapien urna pretium nisl ut volutpat sapien
4888152438,Treeflex,Outdoors,et ultrices,7735484,45,curae mauris viverra
8634282430,Job,Games,eu felis,7163269,11,in ante vestibulum ante ipsum primis in
5286502989,Voltsillam,Clothing,tristique in,3721084,51,morbi a ipsum
9953829055,Ronstring,Books,etiam,7760976,55,urna pretium nisl
0721209661,Kanlam,Electronics,quis orci,8473094,32,orci luctus et ultrices posuere cubilia curae
4384443803,Zoolab,Movies,feugiat et,1919058,39,libero convallis eget eleifend luctus ultricies
7601296547,Sonsing,Games,purus,1150626,41,enim sit amet nunc viverra
0137339828,Bitchip,Games,eros elementum,8341594,17,molestie hendrerit at vulputate vitae
8669224453,Veribet,Tools,elementum,5986896,42,pellentesque ultrices phasellus id sapien in sapien
4474736257,Ronstring,Outdoors,ut,7891168,12,aliquet ultrices erat tortor sollicitudin mi sit
9642425610,Voyatouch,Clothing,sollicitudin,8261622,49,amet lobortis sapien sapien non mi
4301782710,Veribet,Books,semper,7252199,16,turpis nec euismod scelerisque quam
7150450601,Zoolab,Books,etiam vel,6639567,44,lorem ipsum dolor sit
4406405097,Tempsoft,Tools,faucibus orci,5882418,20,porttitor lacus at turpis donec
2724908309,Temp,Tools,vestibulum,2269304,58,sem mauris laoreet ut
8070822023,Ronstring,Baby,ultrices,450197,48,quisque ut erat curabitur gravida nisi
2734703238,Alpha,Books,egestas metus,6332254,30,non velit donec diam
4780351715,Hatity,Shoes,vestibulum quam,9635953,2,pretium iaculis diam erat fermentum justo nec
7575566414,Holdlamis,Baby,erat id,6264302,43,lorem vitae mattis nibh
4508942563,Bitwolf,Computers,tempus,7331483,58,sit amet eleifend
2192472765,Tempsoft,Baby,varius,1381927,54,sagittis sapien cum
3835785109,Rank,Baby,sed nisl,9427189,32,luctus cum sociis natoque penatibus et
3715098082,Andalax,Games,ut ultrices,5681987,31,massa id lobortis convallis
1716003253,Cardify,Sports,quisque porta,1390670,50,in felis eu
7384128986,Daltfresh,Computers,mauris vulputate,8136678,60,eleifend pede libero
0092839886,Cookley,Books,luctus,8616934,24,nullam varius nulla facilisi cras
2798045746,Bigtax,Beauty,vel,652831,50,porta volutpat quam pede lobortis ligula sit
2358643327,Transcof,Books,in,3272595,15,justo aliquam quis turpis eget
8773742317,Alpha,Games,volutpat in,4138556,37,erat curabitur gravida nisi at
7957771904,Kanlam,Garden,in,8562883,3,tellus in sagittis dui
3338777302,Stronghold,Music,nam nulla,3572307,57,porttitor lorem id ligula suspendisse ornare consequat
2729205640,Cookley,Baby,sit amet,8287503,38,morbi non quam nec
7067751233,Andalax,Computers,eu,803842,15,enim lorem ipsum
0681569174,It,Shoes,vulputate,6742276,56,condimentum neque sapien placerat ante nulla justo
6988775862,Duobam,Health,vivamus in,6756939,46,fringilla rhoncus mauris enim leo rhoncus sed
1791156010,Viva,Outdoors,convallis morbi,3216490,10,sed tincidunt eu felis fusce
0972674144,Flexidy,Shoes,ipsum primis,5615979,26,nulla sed vel enim sit
3698172429,Flexidy,Games,nulla neque,425895,38,venenatis turpis enim blandit mi in
9097183715,Andalax,Automotive,ultrices,1846540,4,nullam orci pede
8930555128,Mat Lam Tam,Toys,praesent,735358,6,pulvinar nulla pede ullamcorper augue
9936213505,Sonsing,Outdoors,eu sapien,5971096,59,faucibus orci luctus et ultrices posuere cubilia
1923221221,Zathin,Toys,cubilia,8395363,53,molestie hendrerit at vulputate
0734344139,Flowdesk,Computers,felis ut,4386062,53,quisque ut erat curabitur gravida
3678282539,Transcof,Industrial,nulla nisl,7086155,39,euismod scelerisque quam turpis adipiscing lorem vitae
1523595701,Stringtough,Computers,quam,9587641,6,varius ut blandit non
6414560987,Trippledex,Outdoors,sed justo,3238172,29,cubilia curae nulla dapibus dolor vel
2620211840,Flexidy,Industrial,nec,562355,53,nam congue risus
8923480436,Fix San,Baby,nam congue,8628212,13,donec diam neque
2433861845,Pannier,Beauty,leo,4178408,37,justo nec condimentum neque sapien placerat
8073251566,Viva,Garden,metus,5931136,34,eget tincidunt eget tempus vel
7744578724,Transcof,Home,nunc,3129894,57,aliquet maecenas leo odio condimentum id luctus
7233215448,Transcof,Outdoors,habitasse,147043,17,cubilia curae duis faucibus accumsan odio curabitur
1591472962,Quo Lux,Shoes,ultrices erat,33279,45,sapien sapien non mi integer ac
9850717327,Zontrax,Kids,pede posuere,1531851,25,integer tincidunt ante vel ipsum praesent
0842441808,Ventosanzap,Automotive,molestie nibh,5353447,41,ante ipsum primis in faucibus orci luctus
8299782457,Fixflex,Kids,quam nec,3179344,2,in faucibus orci luctus
0923704752,Otcom,Outdoors,sagittis nam,5624509,17,enim in tempor turpis
0030196868,Subin,Movies,risus,7226827,14,suscipit nulla elit
5217295775,Stringtough,Industrial,et,616124,36,nulla elit ac nulla sed vel enim
7126543751,Flexidy,Home,ut,326592,46,eget orci vehicula condimentum curabitur
2180037104,Solarbreeze,Sports,iaculis,4308145,24,orci mauris lacinia sapien quis
7002295187,Bytecard,Tools,etiam,7974178,6,non velit nec
0951075098,Home Ing,Movies,dictumst,6868508,35,vel pede morbi porttitor lorem
4347998023,Zathin,Books,aenean fermentum,6540306,30,tellus in sagittis
9444885968,Ventosanzap,Books,placerat praesent,3344686,45,at diam nam
8184353596,Home Ing,Industrial,pellentesque volutpat,2514167,58,at lorem integer tincidunt ante vel
7681189645,Bytecard,Garden,felis,5131028,26,amet eros suspendisse accumsan tortor quis turpis
9962518911,Otcom,Toys,est,4566924,35,eget massa tempor convallis
5700393964,Temp,Grocery,blandit non,2699234,38,ultrices erat tortor sollicitudin mi sit
0641437986,Latlux,Games,vestibulum ac,338014,10,erat tortor sollicitudin
6561206770,Latlux,Games,lacus morbi,862169,37,eu est congue elementum in hac
4597543791,Sub-Ex,Outdoors,nisi,5121978,9,nisi volutpat eleifend donec ut dolor morbi
7597985622,Viva,Sports,et commodo,7247099,17,sed augue aliquam
1705953077,Fintone,Jewelry,est risus,7824071,30,nec condimentum neque sapien placerat
3882748656,Biodex,Home,amet sapien,5171395,15,arcu libero rutrum ac
5465630965,Opela,Industrial,ante nulla,4688080,3,justo eu massa donec dapibus duis
9699532467,Overhold,Games,lectus vestibulum,2258986,2,eget nunc donec quis orci
7818937420,Cookley,Computers,bibendum,7800514,13,feugiat et eros vestibulum ac est lacinia
3881201726,Keylex,Toys,amet eleifend,5459737,34,vestibulum vestibulum ante ipsum primis in faucibus
5243933856,Tampflex,Garden,erat,4594865,57,pellentesque eget nunc donec quis
0260466166,Hatity,Sports,justo,6171976,20,dapibus at diam nam tristique tortor eu
9461779585,Temp,Movies,pede venenatis,2845968,13,vel dapibus at diam nam tristique tortor
8415144105,Cookley,Baby,proin,703356,59,nullam varius nulla facilisi cras non
6713367836,Voyatouch,Industrial,consequat varius,7425132,37,magna vulputate luctus
1387340735,Fintone,Shoes,at diam,4254580,40,morbi quis tortor
9587915976,Trippledex,Automotive,adipiscing,4890056,27,ac enim in tempor turpis
6215731323,Temp,Movies,nec,3680616,19,sapien placerat ante nulla
6544558656,Viva,Electronics,rhoncus,7631692,56,tincidunt ante vel
5104664139,Bitwolf,Tools,molestie,7720645,41,tristique est et tempus semper est quam
7310177045,Treeflex,Movies,porta,4205232,36,pellentesque quisque porta volutpat
0443095736,Duobam,Health,donec vitae,1091474,35,odio consequat varius integer ac
2909508048,Cardguard,Computers,quam,5148966,48,sed augue aliquam erat volutpat in
6522649810,Stringtough,Automotive,libero,9758838,36,pretium iaculis diam
1088845029,Trippledex,Garden,elementum pellentesque,9913739,28,est donec odio justo sollicitudin ut suscipit
6375766117,Stronghold,Garden,purus eu,3845776,29,posuere cubilia curae duis faucibus
3005129756,Domainer,Beauty,erat,8428393,60,interdum mauris non
9563732774,Tres-Zap,Movies,amet eleifend,4202463,18,pellentesque viverra pede
5114658069,Sonsing,Tools,penatibus,2436237,27,vivamus in felis eu sapien
6857099731,Zaam-Dox,Beauty,tincidunt,2456305,2,pede ullamcorper augue a
9485824912,Namfix,Computers,dolor vel,1559399,22,aenean fermentum donec ut
9999042279,Zoolab,Beauty,mattis pulvinar,8181515,25,elementum in hac
6919354578,Keylex,Books,risus,3572375,48,eget nunc donec quis orci
6363924138,Tempsoft,Sports,aliquam erat,1581268,8,id massa id nisl venenatis lacinia
3166282475,Vagram,Games,felis,1050100,4,interdum venenatis turpis enim blandit mi
7390521937,Veribet,Toys,donec,1576275,58,sem praesent id massa id nisl venenatis
0130078794,Duobam,Grocery,est donec,8858803,12,lorem integer tincidunt
0187609756,Cardify,Beauty,tristique,3143782,13,nulla quisque arcu libero rutrum ac lobortis
7586736510,Subin,Outdoors,dictumst aliquam,9360187,25,diam erat fermentum justo nec condimentum
4934758224,Biodex,Kids,sed nisl,2173644,32,quam suspendisse potenti nullam
0552034827,Job,Garden,suspendisse ornare,8859519,40,rutrum nulla nunc purus phasellus in felis
1901774856,Y-find,Movies,nullam,9225512,20,odio in hac
9066797096,Rank,Home,morbi non,4369004,59,luctus nec molestie sed justo pellentesque viverra
7932777240,Temp,Jewelry,in,8109120,10,venenatis tristique fusce
5862995943,Regrant,Health,interdum mauris,3142076,7,vivamus vestibulum sagittis sapien cum sociis natoque
4171929253,Zontrax,Sports,diam,170117,2,dis parturient montes nascetur ridiculus mus
2485930597,Daltfresh,Electronics,aliquam convallis,4508358,32,cras pellentesque volutpat dui maecenas
6091474952,Lotlux,Computers,mattis,7960572,30,non lectus aliquam sit
9593450637,Lotlux,Games,tincidunt eu,6927331,34,volutpat dui maecenas tristique
6814850494,Kanlam,Electronics,sed,5535190,32,dui vel nisl duis ac nibh fusce
3869379235,Mat Lam Tam,Home,ac,6635485,11,habitasse platea dictumst
2541972040,Stronghold,Shoes,a,1077927,48,sed justo pellentesque viverra pede ac
2928921591,Wrapsafe,Health,dolor,3986529,20,faucibus orci luctus et ultrices posuere
0953128709,Holdlamis,Clothing,venenatis tristique,5557488,52,semper interdum mauris ullamcorper
7149383459,Bitwolf,Home,a,4757843,21,commodo placerat praesent blandit nam nulla integer
5458221796,Toughjoyfax,Electronics,lorem,3226317,39,dui luctus rutrum nulla tellus
4711122133,Solarbreeze,Grocery,posuere,2355234,22,eu massa donec dapibus duis
1048343642,Zaam-Dox,Toys,nulla,902040,30,consequat metus sapien ut nunc vestibulum ante
9454033174,Redhold,Baby,porttitor lacus,6604658,50,eget semper rutrum nulla nunc
7411567604,Voltsillam,Outdoors,consectetuer,1472702,37,donec semper sapien a
0504580612,Zontrax,Music,donec ut,1880755,57,at dolor quis odio
0252774035,Cookley,Outdoors,primis in,5976664,22,accumsan tellus nisi eu orci mauris lacinia
0715170546,Temp,Kids,elit,9656013,6,dui maecenas tristique est et tempus semper
4441489730,Biodex,Toys,dictumst aliquam,4032283,10,cursus id turpis integer aliquet massa
5870737397,Stronghold,Automotive,tempus semper,5839716,44,nulla elit ac
1619831589,Tampflex,Garden,amet cursus,581810,60,potenti cras in purus eu magna vulputate
5866226294,Subin,Home,pellentesque,5399442,42,in est risus auctor
0015378896,Trippledex,Toys,ullamcorper augue,9813412,34,donec ut dolor morbi vel lectus
3656011354,Bitwolf,Books,convallis,9839394,9,ultrices posuere cubilia
4784556788,Asoka,Sports,sit,3687922,59,nulla suspendisse potenti cras in
7194591928,Aerified,Industrial,molestie lorem,7715254,26,leo maecenas pulvinar lobortis est
9961137728,Tampflex,Music,sodales sed,9142582,51,facilisi cras non velit nec
2128513057,Voltsillam,Automotive,neque libero,1492925,4,tristique est et tempus semper
4464648304,Tempsoft,Games,cum sociis,5835660,33,id nulla ultrices aliquet maecenas leo
2028732164,Tampflex,Shoes,ut suscipit,9181148,10,est phasellus sit amet
6972435943,Flexidy,Music,fringilla,4200983,39,lobortis convallis tortor risus dapibus augue vel
0873047524,Duobam,Baby,tellus,6553999,58,justo pellentesque viverra pede ac
7895141953,Zaam-Dox,Garden,dictumst,7274258,9,pede ac diam cras pellentesque volutpat dui
5371407723,Otcom,Books,amet,134509,19,eget orci vehicula condimentum
2752260032,Voltsillam,Books,ac,5230724,58,in felis donec semper sapien a libero
0782487084,Alpha,Computers,et ultrices,7995545,26,in tempor turpis nec euismod
7370902315,Zontrax,Kids,lorem,9283136,26,eu mi nulla ac enim in tempor
1926765990,Opela,Baby,quis lectus,168764,5,nisl ut volutpat sapien
9947694291,Namfix,Outdoors,eros viverra,1357806,51,platea dictumst maecenas ut massa quis
5207620452,Tin,Games,duis aliquam,6081459,47,faucibus orci luctus et ultrices
9927068301,Cardify,Baby,sodales,5547350,32,id ligula suspendisse
7991596109,Duobam,Industrial,convallis eget,3869050,21,nulla pede ullamcorper augue a
1389588106,Andalax,Jewelry,curabitur,8983224,21,vestibulum velit id pretium
5889657860,Redhold,Games,enim,8681379,31,platea dictumst etiam faucibus cursus
2549911199,Gembucket,Shoes,at nibh,1163337,5,pede morbi porttitor lorem
7383125665,Pannier,Music,eget,4945318,40,id massa id nisl venenatis lacinia
7808116602,Konklab,Toys,felis,8692718,42,penatibus et magnis dis parturient
5056488151,Voyatouch,Movies,ut,4437211,3,aenean sit amet justo morbi
0258538872,Flexidy,Outdoors,in lectus,5198318,29,aenean sit amet justo
4904513479,Pannier,Industrial,orci,2400003,40,dictumst aliquam augue quam sollicitudin vitae consectetuer
0946464715,Bytecard,Toys,placerat praesent,6748614,38,fermentum justo nec condimentum neque sapien placerat
0070050732,Cardguard,Music,nulla,2421280,44,leo pellentesque ultrices
6966083178,Zathin,Sports,lorem quisque,5612604,35,quam fringilla rhoncus mauris enim leo rhoncus
0783121830,Zaam-Dox,Computers,natoque penatibus,2384190,11,lorem ipsum dolor sit amet consectetuer
3215683245,Job,Industrial,vel,7283437,23,lobortis sapien sapien non
3865485251,Flowdesk,Shoes,interdum,1191566,2,nonummy integer non velit
7973429786,It,Baby,et,2569925,13,interdum mauris non ligula pellentesque
7819542233,Zoolab,Computers,porttitor lacus,9763221,58,duis bibendum morbi non quam nec dui
6492598385,Duobam,Outdoors,vitae,9859902,44,id lobortis convallis tortor risus dapibus augue
5465417951,Zontrax,Beauty,id,5280377,47,ut mauris eget massa tempor
9250838239,It,Garden,duis,3333742,41,nullam orci pede venenatis non sodales
4194691571,Y-Solowarm,Kids,nisi vulputate,8812854,49,quisque arcu libero rutrum ac lobortis
9067291927,Alphazap,Shoes,penatibus et,7009002,17,tristique est et tempus semper
7104897348,Tresom,Industrial,massa,4919111,33,rutrum rutrum neque aenean auctor
5675185445,Zamit,Home,eu,7194690,54,adipiscing elit proin interdum mauris
4338378263,Cardguard,Books,sit,5704883,14,vivamus vel nulla eget eros elementum pellentesque
9793648716,Fintone,Electronics,diam id,8211817,37,a pede posuere nonummy integer non
2591750068,Bigtax,Games,blandit ultrices,1035225,49,vestibulum vestibulum ante ipsum primis in faucibus
9883247508,Flexidy,Industrial,ante,9412714,40,nunc rhoncus dui vel sem
6052954051,Trippledex,Automotive,consequat,3210166,34,enim in tempor turpis
1825555370,Tresom,Movies,ut,8075779,33,porttitor lorem id ligula suspendisse
0184495113,Otcom,Outdoors,at feugiat,4252383,11,amet sapien dignissim vestibulum vestibulum
0576421499,Otcom,Games,venenatis,5756286,59,primis in faucibus orci luctus et
5099803571,Otcom,Shoes,sed sagittis,5243104,18,nam congue risus semper porta volutpat quam
5337386719,Tampflex,Music,porta,7216616,3,eros viverra eget congue
4545643981,Lotlux,Jewelry,urna ut,3825048,58,hac habitasse platea dictumst etiam faucibus
3973360960,Rank,Computers,vehicula,4262241,37,rhoncus aliquet pulvinar
2423470649,Stim,Shoes,pellentesque at,1046279,26,rutrum neque aenean auctor
7991545547,Solarbreeze,Shoes,id turpis,496422,23,et ultrices posuere
4416573804,Vagram,Computers,semper,5065415,18,luctus ultricies eu nibh quisque id justo
3622732180,Bitwolf,Electronics,luctus,6534150,37,eleifend luctus ultricies eu nibh quisque
3282553358,Treeflex,Tools,eu,5913935,12,augue a suscipit nulla elit ac nulla
8497126556,Wrapsafe,Electronics,est et,577252,34,libero nullam sit amet turpis elementum
1597146927,Bigtax,Jewelry,libero non,2754656,48,tellus semper interdum
5310734953,Bigtax,Kids,cras pellentesque,269584,11,sed sagittis nam congue risus
2403253308,Sub-Ex,Sports,amet eleifend,2688072,60,nulla ac enim in tempor turpis nec
2497992274,Mat Lam Tam,Industrial,id sapien,7452706,8,et ultrices posuere
8126597429,Alphazap,Sports,etiam vel,7551346,19,at turpis a
0505420635,Sonsing,Shoes,a,3484631,27,in quis justo maecenas
1562817124,Flexidy,Jewelry,adipiscing,3732946,57,hac habitasse platea dictumst
2812860464,Andalax,Beauty,eros,6646665,55,imperdiet et commodo vulputate
8007718354,Daltfresh,Baby,non lectus,4704225,17,nec condimentum neque sapien
3566554731,Bytecard,Beauty,posuere,877561,14,quam sapien varius ut
1731085346,Namfix,Tools,ante,1892595,41,neque duis bibendum morbi
5758536334,Ventosanzap,Grocery,ipsum primis,488602,4,id turpis integer aliquet massa id lobortis
5504718163,Tresom,Beauty,eros,2092314,49,lobortis vel dapibus at diam nam
4835494504,Cardguard,Games,non,8273808,35,natoque penatibus et magnis dis parturient
7912191909,Stringtough,Health,turpis integer,5945353,8,turpis eget elit sodales scelerisque
9079343110,Tin,Garden,libero ut,5220864,2,sapien dignissim vestibulum vestibulum
2907970038,Veribet,Home,justo nec,2076150,14,consequat nulla nisl nunc nisl duis
1952751055,Daltfresh,Clothing,blandit nam,1459421,59,pellentesque at nulla
9046449165,Matsoft,Games,dolor,8385786,32,curabitur convallis duis consequat dui
7502749659,Subin,Kids,gravida sem,5420337,43,quam suspendisse potenti nullam
2784322424,Gembucket,Shoes,sagittis dui,1036456,14,venenatis tristique fusce congue diam id ornare
1608706885,Flowdesk,Movies,metus,6553980,51,felis sed lacus morbi sem mauris
1370433301,Tampflex,Garden,vulputate vitae,7733912,45,in felis donec semper sapien a
6084474993,Veribet,Games,nec,2752113,42,ut erat id mauris
1796530840,Y-find,Kids,proin,3422777,57,mauris viverra diam vitae
6020244466,Zontrax,Automotive,vitae ipsum,1656429,33,fermentum justo nec
4002858235,Keylex,Electronics,a ipsum,8345422,8,consequat dui nec nisi volutpat
8875701040,Opela,Home,sit amet,4353731,52,quam pede lobortis ligula
7382405516,Bigtax,Jewelry,curabitur gravida,5107593,51,turpis sed ante vivamus
2143923422,Sonair,Toys,in,4557225,50,amet consectetuer adipiscing elit
8041483003,Vagram,Electronics,nisl duis,1403749,12,odio cras mi pede
0751325759,Transcof,Kids,ante,7418306,59,eros viverra eget
8510542376,Fix San,Books,platea dictumst,6253167,23,libero convallis eget
8085949369,Stim,Outdoors,nunc rhoncus,6488369,5,sit amet eros suspendisse
6851669803,Tempsoft,Computers,integer ac,4553700,43,ultrices libero non
3368796712,Zoolab,Automotive,est,609343,12,aliquam lacus morbi
9419039714,Matsoft,Outdoors,non,6507274,30,feugiat et eros vestibulum ac
8267346139,Mat Lam Tam,Baby,nec,3804588,34,elit proin risus praesent lectus vestibulum
4113931399,Alphazap,Automotive,at nulla,4002350,46,quam a odio
2350905586,Latlux,Garden,est donec,1050179,36,praesent blandit lacinia erat vestibulum
0053924223,Cookley,Books,convallis morbi,2742952,50,nec euismod scelerisque quam turpis
3439167844,Tin,Shoes,vel,8669086,38,sem duis aliquam convallis nunc
0240223535,Zaam-Dox,Kids,ultrices posuere,8877453,43,aliquet at feugiat non pretium quis
9204613246,Mat Lam Tam,Electronics,lorem integer,9825916,59,magna vestibulum aliquet ultrices
7574406707,Lotlux,Movies,odio curabitur,8959867,50,ultrices posuere cubilia curae nulla dapibus dolor
8511100415,Transcof,Baby,vestibulum,6052820,37,convallis duis consequat dui
6686040029,Span,Books,at,134636,15,ipsum praesent blandit lacinia
2269441923,Latlux,Garden,at,7150275,42,pellentesque at nulla suspendisse potenti cras in
1997240912,Fix San,Electronics,feugiat,258575,9,pellentesque eget nunc donec quis orci
7500636660,Lotlux,Grocery,aliquam,5750105,54,eleifend luctus ultricies eu nibh quisque id
0559309635,Regrant,Shoes,vulputate luctus,783384,60,leo rhoncus sed vestibulum sit amet
8471711818,Wrapsafe,Tools,bibendum imperdiet,5223797,33,pellentesque quisque porta volutpat erat quisque
2867483042,Wrapsafe,Health,at,2899632,20,nisi vulputate nonummy maecenas
4382249279,Flowdesk,Automotive,metus vitae,8058642,41,in purus eu magna
9643980014,Temp,Beauty,libero nam,3691952,19,sapien arcu sed
9043270938,Y-find,Clothing,est risus,4782976,18,id ligula suspendisse ornare
1045081280,Kanlam,Shoes,lobortis sapien,3450025,24,integer non velit donec diam
6374118286,Latlux,Tools,purus aliquet,2588479,29,ultrices erat tortor sollicitudin mi sit
6246168922,Overhold,Clothing,integer,3664250,10,luctus et ultrices posuere
5333349533,Mat Lam Tam,Grocery,pellentesque ultrices,80231,27,integer pede justo lacinia eget
6430566307,Bytecard,Games,eu felis,8886003,48,maecenas leo odio condimentum id luctus nec
0950352500,Alpha,Tools,nullam porttitor,9719633,25,suspendisse potenti nullam porttitor
0187120994,Sub-Ex,Games,risus,6770830,22,metus sapien ut nunc vestibulum
0150610955,Alpha,Health,velit,38079,43,fusce consequat nulla nisl nunc nisl
1404137092,Konklab,Grocery,elit proin,6853034,6,molestie hendrerit at
2882729065,Matsoft,Baby,et,5404108,3,velit vivamus vel nulla eget eros elementum
7537645299,Temp,Baby,est,7772539,18,consequat dui nec nisi volutpat
4747625119,Alpha,Jewelry,vitae,2741934,17,pulvinar lobortis est phasellus sit amet erat
6644341470,Veribet,Music,purus phasellus,6052580,17,pellentesque viverra pede ac diam cras
3375781016,Regrant,Tools,mi,4632325,42,in felis donec semper
9530509936,Temp,Grocery,ultrices,432848,3,id lobortis convallis tortor risus
7250044265,Zontrax,Clothing,ligula sit,600987,5,massa id nisl venenatis lacinia aenean
9027376999,Zathin,Industrial,sit amet,3906252,31,porttitor lacus at
9536694328,Bigtax,Toys,lorem,7424440,21,volutpat erat quisque erat
0241914795,Daltfresh,Industrial,ante,4364642,1,justo morbi ut odio cras
3860975846,Kanlam,Jewelry,ante vel,4888131,43,aliquam non mauris
1438233787,Treeflex,Computers,mattis,1510467,58,vestibulum aliquet ultrices erat tortor sollicitudin mi
4129165860,Gembucket,Grocery,libero,2850670,49,non sodales sed
4472258471,Fix San,Automotive,felis sed,6942095,56,iaculis justo in hac habitasse platea dictumst
0882303910,Daltfresh,Outdoors,nulla,3884357,20,non lectus aliquam sit amet diam
7194623730,Alpha,Sports,nulla neque,137574,33,praesent blandit lacinia erat vestibulum sed magna
2019083329,Prodder,Industrial,tristique tortor,5145678,20,vivamus vel nulla eget eros
1065844794,Regrant,Kids,sapien cum,2869578,38,quis libero nullam sit
0503748544,Zathin,Automotive,morbi non,2130651,36,iaculis diam erat fermentum justo nec condimentum
0192693271,Cardguard,Shoes,sem,28545,54,in felis donec semper
9058091155,Sonair,Home,donec,6002505,28,faucibus cursus urna ut tellus nulla ut
7757646383,Bamity,Health,sapien,1296612,14,nisi eu orci mauris
3450150898,Flexidy,Garden,enim,623745,14,sed ante vivamus tortor duis mattis egestas
2476903965,Aerified,Outdoors,sed,820337,37,etiam faucibus cursus urna ut tellus nulla
8048162830,Zontrax,Electronics,molestie,7017605,20,justo in blandit ultrices
3268830595,Bytecard,Industrial,magna bibendum,5027335,39,aliquam augue quam sollicitudin vitae consectetuer
6795774414,Zaam-Dox,Garden,dapibus at,8884168,6,in porttitor pede justo eu
9885216197,Zontrax,Kids,in hac,6073865,37,pellentesque at nulla suspendisse potenti
4587206024,Temp,Kids,at,4485051,32,consequat in consequat ut
0453043607,Keylex,Electronics,tristique tortor,7510705,48,eros elementum pellentesque quisque
8838054800,Vagram,Games,habitasse,9559325,53,convallis duis consequat dui nec nisi
8769423199,Tres-Zap,Automotive,id nisl,400209,30,id sapien in
9481172813,Lotstring,Movies,morbi sem,1161963,26,purus phasellus in felis donec
4371473350,Fixflex,Clothing,cursus vestibulum,5657881,23,lacus curabitur at
0436831929,Redhold,Home,accumsan tellus,7125687,45,luctus et ultrices posuere
2704026181,Bitchip,Jewelry,congue diam,5503057,11,ipsum dolor sit amet consectetuer
4111526349,Sonsing,Sports,tempus,532703,19,sagittis nam congue risus
4715766590,Quo Lux,Games,vestibulum,787211,20,quisque erat eros
0622223658,Tampflex,Tools,amet cursus,6314738,6,amet erat nulla tempus
0586952608,Zathin,Shoes,odio,1693297,45,congue vivamus metus arcu adipiscing
0165553804,Tin,Electronics,vestibulum,768723,29,ut nulla sed accumsan
8201875133,Ronstring,Music,in,8980568,15,est lacinia nisi venenatis tristique
2253032514,Latlux,Clothing,sit,7892632,46,quam suspendisse potenti nullam porttitor lacus at
3810423718,Latlux,Games,nulla elit,4523746,13,erat vestibulum sed magna
5547255661,Andalax,Sports,varius,9367815,34,molestie sed justo pellentesque viverra pede ac
6573470036,Regrant,Industrial,tellus nulla,6766185,27,lectus suspendisse potenti in eleifend quam
9985124804,Quo Lux,Baby,sodales sed,2899187,13,sit amet erat nulla
4949638173,Latlux,Grocery,ornare consequat,5882936,19,erat tortor sollicitudin mi sit
3430122201,Toughjoyfax,Health,at,1050877,55,est et tempus semper est quam
6263052775,It,Sports,sed interdum,2516402,2,suspendisse potenti in eleifend quam a
5446357108,Home Ing,Kids,suspendisse potenti,5273619,22,morbi non lectus aliquam sit
0517380749,Daltfresh,Computers,adipiscing elit,1706548,37,ultrices libero non mattis pulvinar nulla pede
0802366201,Overhold,Games,sapien a,7614106,33,montes nascetur ridiculus
3200268298,Bytecard,Games,potenti nullam,5269762,43,quisque porta volutpat erat quisque erat eros
7449628201,It,Outdoors,blandit ultrices,5249071,58,vulputate elementum nullam varius nulla
3642325238,Gembucket,Grocery,turpis,2832963,15,sit amet nunc viverra
5523836877,Lotlux,Clothing,sociis natoque,9133457,39,etiam pretium iaculis
4292951500,Konklux,Sports,ut,8949744,47,semper porta volutpat quam pede
6403903063,Span,Clothing,quis libero,3218503,29,id mauris vulputate elementum nullam
1002850371,Zontrax,Clothing,dolor,1811994,18,cum sociis natoque penatibus et magnis
3669472797,Latlux,Industrial,viverra,7098099,6,a libero nam dui
9918791640,Overhold,Kids,at,2566373,7,eu nibh quisque
0434850918,Alpha,Baby,ut mauris,6328608,44,cras pellentesque volutpat dui
0205300170,Voyatouch,Clothing,donec,7816264,5,vel lectus in
9203031731,Solarbreeze,Books,ipsum,3959475,58,feugiat et eros vestibulum ac
8733625883,Tres-Zap,Automotive,faucibus,1330142,31,at nulla suspendisse potenti
8747870168,Tampflex,Games,dis parturient,4278379,25,habitasse platea dictumst
2120372772,Domainer,Computers,curabitur,7364832,44,primis in faucibus orci luctus et ultrices
2991048468,Rank,Health,ridiculus mus,664059,50,platea dictumst morbi vestibulum velit
1580512739,Veribet,Movies,vestibulum,4857084,58,venenatis lacinia aenean sit amet justo morbi
4306240584,Y-Solowarm,Books,enim,5598659,47,erat nulla tempus
1911774298,Tempsoft,Automotive,lorem vitae,5127060,38,molestie sed justo pellentesque viverra pede
6835639350,Zathin,Garden,rhoncus,711835,42,tempor convallis nulla neque libero convallis
1330797787,Cookley,Music,in consequat,8784500,59,curabitur convallis duis
1918137315,Konklab,Kids,sit,5713909,23,arcu adipiscing molestie
8586318671,Redhold,Sports,eleifend luctus,9145191,29,porttitor id consequat in consequat ut nulla
9383011513,Tampflex,Computers,tellus semper,7817860,31,sem sed sagittis nam congue risus semper
5598450291,Zamit,Grocery,ligula pellentesque,2976581,21,ullamcorper purus sit amet nulla quisque
2890594882,Zamit,Beauty,duis,8245214,13,libero rutrum ac lobortis vel dapibus
8824923208,Konklab,Automotive,lectus,6760358,3,lacus curabitur at ipsum ac tellus
8467384298,Stim,Jewelry,purus,8744155,42,luctus cum sociis
9485810784,Flowdesk,Automotive,duis bibendum,1167177,29,imperdiet nullam orci pede venenatis non
0534764770,Mat Lam Tam,Baby,libero convallis,2992533,34,eu est congue
5479966723,Latlux,Beauty,nunc,2036339,12,aenean lectus pellentesque eget nunc
4788264889,Namfix,Computers,convallis,4859259,11,curae duis faucibus accumsan
7286590561,It,Health,sagittis nam,5842110,53,nulla elit ac nulla
0850939216,Opela,Sports,vivamus,1852643,35,erat fermentum justo nec condimentum neque
7024013710,Flowdesk,Shoes,est phasellus,7022998,20,volutpat erat quisque
4636332431,Fintone,Books,primis,4166171,22,urna pretium nisl ut volutpat sapien arcu
8601777376,Toughjoyfax,Music,quisque porta,646968,8,in hac habitasse platea
8838535795,Alpha,Clothing,vel,6522594,36,eleifend donec ut dolor morbi vel lectus
4429273553,Greenlam,Industrial,consectetuer,2118712,30,lectus aliquam sit amet
9792390766,Konklab,Books,morbi,5274977,52,auctor gravida sem praesent id massa id
1591523176,Tres-Zap,Automotive,lacus,8544341,56,interdum in ante vestibulum
3089560577,Daltfresh,Music,lorem ipsum,8709064,28,pretium quis lectus suspendisse potenti
9798292413,Redhold,Tools,fringilla rhoncus,4010477,39,vulputate justo in blandit
5657173821,Transcof,Sports,at diam,6156420,46,rutrum rutrum neque
3820339329,Zathin,Home,arcu adipiscing,231613,54,nam nulla integer pede
0923114505,Bamity,Toys,metus,7000081,28,magna vulputate luctus cum sociis
7092826721,Biodex,Toys,quam pharetra,8462956,29,quam nec dui luctus rutrum nulla
4801363970,Keylex,Automotive,ornare,9193596,45,euismod scelerisque quam turpis
0172820707,Tresom,Health,at,4832630,21,lectus pellentesque eget nunc
2103272072,Fintone,Books,nisi volutpat,4334809,57,maecenas pulvinar lobortis est phasellus
1979919542,Zathin,Games,nunc,2679650,30,enim blandit mi in porttitor
0898185130,Stronghold,Health,in eleifend,6915203,30,nulla facilisi cras non velit nec
1328766543,Subin,Electronics,pede,4173144,59,ante nulla justo
0817978097,Overhold,Automotive,varius integer,6249687,34,ut mauris eget massa tempor
3343961264,Voltsillam,Jewelry,habitasse platea,8606581,3,ipsum primis in faucibus orci
2998356486,Bamity,Outdoors,est risus,8381119,51,vivamus in felis eu sapien cursus vestibulum
0323869998,Fintone,Books,quis,1930885,31,mauris vulputate elementum nullam
3119770396,Matsoft,Industrial,blandit,8035005,16,vel augue vestibulum rutrum rutrum neque aenean
0868990027,Vagram,Kids,lorem,4937710,13,tellus nisi eu
2711882810,Bigtax,Health,at,6736998,19,sapien sapien non mi integer ac neque
6233727952,Hatity,Sports,justo nec,7768103,3,erat volutpat in congue
9252538593,Tampflex,Grocery,eget,7022107,10,turpis elementum ligula vehicula
1354713451,Cardify,Movies,ut massa,1599307,8,integer aliquet massa id
4894641704,Zontrax,Home,in sapien,4459526,29,phasellus sit amet erat nulla
0651922305,Domainer,Clothing,potenti in,3735037,25,ultrices posuere cubilia
8330877256,Fix San,Movies,amet nunc,4368582,17,cubilia curae duis faucibus
3826352475,Holdlamis,Games,amet cursus,8681485,5,cursus urna ut tellus nulla ut
4300155399,Cardguard,Home,sollicitudin,4759236,17,ut massa volutpat convallis morbi
3175625444,Temp,Kids,eget,787939,12,laoreet ut rhoncus aliquet pulvinar
2302984528,Fix San,Garden,phasellus,8527120,12,eleifend quam a odio in hac
7428307775,Y-find,Toys,iaculis,8520540,52,id ligula suspendisse
1770998845,Stronghold,Home,sed,2742709,57,eu sapien cursus vestibulum
3531979159,Tampflex,Grocery,velit nec,7218652,23,pede morbi porttitor
8635330765,Otcom,Clothing,dictumst maecenas,2319418,1,rhoncus aliquam lacus morbi quis tortor id
2570005347,Kanlam,Beauty,iaculis,487560,35,lobortis est phasellus sit
5551164527,Sonsing,Shoes,quisque,3210263,25,blandit mi in porttitor pede justo eu
2455972917,Y-find,Grocery,nunc nisl,6694882,18,vestibulum ante ipsum primis in faucibus
7769395755,Keylex,Kids,maecenas,9939431,51,at nulla suspendisse potenti
8021302178,Tampflex,Books,diam,5917623,23,sagittis dui vel nisl duis ac nibh
7722642241,Bitwolf,Baby,donec,170570,49,turpis integer aliquet massa id lobortis convallis
5798963799,Trippledex,Industrial,tempus,7393273,19,congue elementum in hac habitasse platea dictumst
6636193581,Alpha,Automotive,magna vestibulum,4160197,32,orci luctus et ultrices posuere
2225003033,Kanlam,Sports,vel,3916476,42,lectus vestibulum quam sapien varius ut blandit
6941884363,Zathin,Home,congue,9792798,10,aliquam convallis nunc proin
9174042408,Sonsing,Music,eget,7289970,22,fusce congue diam id ornare imperdiet sapien
7520151565,Prodder,Automotive,dui,7287418,4,amet nunc viverra dapibus
3125237297,Temp,Jewelry,quis,9258651,42,justo pellentesque viverra pede ac
4699494439,Domainer,Jewelry,a pede,4543288,33,mollis molestie lorem quisque ut erat
0425559874,Zontrax,Tools,nullam,4563631,60,eros viverra eget congue eget semper
8734333029,Keylex,Automotive,praesent blandit,7577478,13,ut mauris eget massa tempor
6870924457,Alpha,Electronics,eros vestibulum,8281656,43,nunc nisl duis bibendum felis sed interdum
0500968942,Zathin,Electronics,in quis,1538660,6,odio elementum eu interdum eu tincidunt in
9615321915,Stringtough,Music,tortor duis,7541391,42,congue vivamus metus
7670928190,Transcof,Computers,sociis,2268534,15,lobortis vel dapibus
1837302464,Span,Books,praesent,750181,53,ac diam cras pellentesque volutpat dui maecenas
2678527034,Cardguard,Health,nulla,4679894,59,lectus suspendisse potenti in eleifend quam
6847985542,Voltsillam,Kids,tortor,8189261,9,porttitor pede justo eu
8045504560,Tres-Zap,Toys,semper,1918584,23,augue quam sollicitudin vitae
9480247216,Domainer,Music,sed,9813815,5,quisque porta volutpat
6547172821,Gembucket,Automotive,vulputate,8099131,33,sit amet erat
4183006864,Sub-Ex,Beauty,in,8793817,15,vel augue vestibulum rutrum rutrum neque aenean
6933309320,Fintone,Grocery,diam in,7601246,48,elit proin risus praesent
3280178843,Veribet,Clothing,amet,5992104,34,vestibulum vestibulum ante ipsum primis
4896305531,Konklab,Automotive,sapien non,382223,25,amet sapien dignissim
3317442204,Ventosanzap,Games,nisi vulputate,7541830,39,sed augue aliquam erat volutpat
3994862930,Zontrax,Home,non,7494675,48,augue vel accumsan tellus nisi eu
4460826380,Treeflex,Shoes,curae,7940523,24,nibh in quis justo
8452471955,Cardify,Outdoors,sapien iaculis,8328762,55,adipiscing molestie hendrerit
3682424326,Stim,Health,eget rutrum,9491670,37,sit amet eros suspendisse accumsan tortor
3598772343,Viva,Tools,at,9272764,33,non mi integer ac neque
9770721980,Span,Clothing,vel nulla,3243566,28,interdum eu tincidunt in leo maecenas
3235553061,Span,Health,eleifend,8703942,11,maecenas ut massa quis augue luctus tincidunt
4845198509,Tampflex,Music,etiam,5762014,60,nulla tempus vivamus
1683212266,Pannier,Electronics,sit amet,9560556,29,nullam sit amet turpis elementum
6609160716,Alphazap,Garden,rutrum,4030742,26,tincidunt ante vel
4066408680,Tresom,Outdoors,viverra dapibus,5862580,8,ipsum dolor sit amet consectetuer adipiscing elit
0520457226,Home Ing,Grocery,interdum,989328,58,in magna bibendum imperdiet
9302531872,Viva,Music,duis,4274317,33,fermentum justo nec condimentum neque sapien placerat
6646559023,Fintone,Home,integer,5359385,6,vivamus metus arcu
0788700634,Home Ing,Games,consequat,719593,6,faucibus cursus urna ut
7546998743,Tempsoft,Health,adipiscing molestie,7284551,42,nisi venenatis tristique fusce congue
3330475242,Tres-Zap,Electronics,nisl nunc,113610,31,pede ullamcorper augue a suscipit nulla
4349138633,Toughjoyfax,Home,posuere nonummy,1363846,33,bibendum morbi non quam nec dui luctus
0989275264,Regrant,Games,lacinia,7120239,13,in faucibus orci luctus
4700602686,Stringtough,Movies,massa,7059577,15,pulvinar nulla pede ullamcorper augue a
0535260180,Daltfresh,Home,commodo,9128046,12,eget nunc donec quis orci eget
0842682287,Zaam-Dox,Books,parturient,6798878,52,aliquet maecenas leo odio
6083901928,Veribet,Baby,tortor risus,170789,32,et ultrices posuere cubilia
2813839779,Gembucket,Computers,ac diam,6985202,59,donec ut dolor morbi vel lectus in
2663235806,Duobam,Sports,vel est,6237868,37,lacus morbi quis tortor id nulla ultrices
2156977755,Flexidy,Music,mattis,8491233,4,leo pellentesque ultrices mattis odio donec vitae
5035110966,Zamit,Home,et,2606158,54,cubilia curae donec pharetra magna vestibulum
8515466295,Stringtough,Kids,in est,4320162,8,pellentesque ultrices phasellus id sapien in sapien
3392220175,Rank,Beauty,duis,2766596,27,diam id ornare imperdiet sapien urna
8589085163,Voyatouch,Home,volutpat,4831395,30,bibendum imperdiet nullam orci pede
5765325572,Treeflex,Baby,pulvinar lobortis,7876095,18,nec nisi vulputate
9453796514,Alpha,Clothing,elementum,6433874,5,orci luctus et ultrices
4864809453,Matsoft,Computers,lobortis,4128592,8,maecenas tincidunt lacus at velit
4940065960,Hatity,Industrial,rhoncus,5461802,8,amet sem fusce consequat nulla nisl
2358130591,Sonair,Computers,lorem,7566707,26,vel augue vestibulum ante
5445754979,Konklux,Industrial,potenti nullam,1909956,20,pellentesque volutpat dui
0797017968,Namfix,Computers,in faucibus,7769621,11,arcu sed augue aliquam erat volutpat in
4711421351,It,Grocery,odio condimentum,1880101,28,rutrum at lorem
4733328885,Fixflex,Industrial,est quam,4057692,50,lobortis sapien sapien non
4261016273,Y-Solowarm,Kids,ac consequat,1318622,29,eget semper rutrum nulla nunc purus phasellus
5232823000,Lotstring,Clothing,semper,2034520,48,elit ac nulla
6408132944,Sub-Ex,Clothing,vestibulum proin,6652258,41,mi sit amet lobortis sapien sapien
6312786188,Home Ing,Movies,a ipsum,7074014,40,enim sit amet nunc viverra dapibus
8535775560,Stronghold,Jewelry,elementum pellentesque,7756930,56,quam pharetra magna ac consequat metus
7626512723,Andalax,Automotive,proin risus,1090567,36,odio in hac habitasse
0713210052,Alphazap,Beauty,eleifend pede,4301016,60,consequat morbi a ipsum integer
1850438080,Vagram,Music,nullam,676379,50,nec euismod scelerisque quam
3339951527,Fixflex,Industrial,ante,8011786,10,gravida sem praesent id massa id nisl
5033077236,Hatity,Garden,justo,3605169,15,proin eu mi nulla ac enim
9820160480,Span,Jewelry,nam,17344,18,magna vestibulum aliquet ultrices erat
1053338244,Asoka,Electronics,duis,1766516,32,eget congue eget semper
7646785288,Treeflex,Music,consequat lectus,7373967,18,rhoncus aliquam lacus morbi quis
7219747675,Sonsing,Sports,vehicula,4162037,12,ut massa volutpat
2888435071,Andalax,Clothing,ac,3124273,51,non lectus aliquam sit amet diam
9808484743,Konklab,Kids,molestie nibh,261327,14,rutrum neque aenean
8567058619,Wrapsafe,Music,odio,5665936,4,eros suspendisse accumsan
8004225926,Regrant,Garden,nisl,7151452,42,elementum ligula vehicula
3418944078,Voyatouch,Shoes,et magnis,189768,16,quam pharetra magna ac consequat metus
2963944861,Toughjoyfax,Automotive,massa quis,3484416,18,a odio in hac
8572792732,Greenlam,Baby,quam turpis,4015721,36,faucibus cursus urna ut tellus nulla
9122703918,Holdlamis,Kids,leo maecenas,2886865,1,auctor sed tristique in
7203147533,Transcof,Jewelry,porttitor,7041085,39,vulputate luctus cum sociis natoque
1750444313,Zathin,Clothing,quam,7920632,49,sapien non mi integer
9120533004,Regrant,Baby,in,5930282,31,mattis nibh ligula nec sem duis aliquam
4489447477,Flowdesk,Industrial,quam nec,6418183,11,platea dictumst etiam faucibus
6630108205,Regrant,Automotive,lacus,7780695,18,mauris morbi non lectus
1839709871,Cookley,Tools,natoque penatibus,4222938,53,id turpis integer aliquet massa id lobortis
1799810704,Latlux,Industrial,nulla eget,3358902,51,suscipit a feugiat et
7687707656,Biodex,Home,justo lacinia,5089841,11,fermentum justo nec condimentum neque sapien placerat
6947952875,Matsoft,Industrial,porta volutpat,5265518,15,magnis dis parturient montes nascetur ridiculus
5902294258,Konklux,Books,aliquet ultrices,6236125,36,congue elementum in hac habitasse platea
1362117013,Daltfresh,Games,nec,8549369,5,ridiculus mus vivamus vestibulum sagittis sapien cum
6135567489,Sonair,Health,rhoncus aliquet,5071299,34,sed magna at nunc
1882747003,Domainer,Grocery,volutpat sapien,718572,55,in faucibus orci luctus
2581273534,Daltfresh,Grocery,etiam,4563204,25,sociis natoque penatibus et
6210600042,Ronstring,Outdoors,imperdiet,4125381,56,nullam varius nulla facilisi cras non
0688427243,Tampflex,Sports,ipsum,9455359,20,tincidunt eu felis fusce posuere felis sed
4528668874,Prodder,Shoes,pharetra magna,5469049,60,convallis eget eleifend luctus ultricies eu
6461410295,Stim,Industrial,ultrices enim,3651563,31,odio curabitur convallis
5121078250,Keylex,Movies,enim lorem,3192614,48,lacinia sapien quis libero
6568556882,Sub-Ex,Movies,elementum ligula,2412354,38,volutpat sapien arcu sed augue
7304768479,Solarbreeze,Electronics,lobortis,5705348,59,tellus semper interdum mauris ullamcorper
9538766636,Bitchip,Electronics,proin at,6896491,38,nisi eu orci mauris lacinia sapien
8782227810,It,Outdoors,luctus rutrum,1435705,22,eu interdum eu tincidunt in
6232368126,It,Grocery,sit,9071150,34,a ipsum integer a nibh in quis
4770411677,Zoolab,Garden,donec,3667191,11,nulla nisl nunc nisl duis
6031798522,Flowdesk,Electronics,nibh ligula,940062,21,ac est lacinia nisi venenatis tristique fusce
2598892151,Span,Tools,volutpat,6779083,50,eget tempus vel pede morbi
5343774903,Sub-Ex,Sports,vel augue,7796055,6,aliquam quis turpis
8995658363,Tin,Shoes,pede,7867744,4,elit proin interdum mauris
9115247449,Treeflex,Computers,leo,3442682,5,augue vel accumsan
4497875482,Cardify,Clothing,montes,7846722,9,cum sociis natoque
7582488598,Duobam,Grocery,nullam,2489274,22,at nunc commodo placerat praesent blandit
3868732918,Zoolab,Garden,nullam porttitor,7331552,28,in libero ut massa volutpat
7380402161,Zamit,Kids,id justo,1959222,12,non quam nec
1631253921,Redhold,Toys,adipiscing molestie,6891991,28,mauris eget massa tempor convallis nulla
5769575948,Cardify,Shoes,phasellus,8769573,46,molestie nibh in lectus
3615343913,Lotstring,Music,praesent,8711135,23,fusce lacus purus aliquet at feugiat
6478984788,Duobam,Movies,nunc,9703376,5,enim sit amet nunc viverra
0895899892,Daltfresh,Beauty,nisl aenean,3433197,32,mus vivamus vestibulum
5919289228,Aerified,Grocery,ac,9925965,53,integer ac leo pellentesque ultrices mattis odio
5958974904,Stim,Computers,rhoncus,2700355,19,nullam orci pede venenatis
1641959657,Konklab,Automotive,eleifend,2029441,8,pretium quis lectus suspendisse potenti
3279735238,Sonair,Baby,ridiculus,3666558,1,sit amet consectetuer
3059363765,Konklab,Jewelry,consequat morbi,9803117,12,tortor id nulla ultrices aliquet
9679126900,Sonair,Beauty,et magnis,5830828,8,erat nulla tempus vivamus in felis eu
1911803093,Latlux,Health,diam neque,1685197,56,tempor convallis nulla neque libero
2763421814,Tres-Zap,Health,quisque,5459682,11,eleifend donec ut dolor
1608460541,Zamit,Tools,et,6645461,40,nulla sed vel enim sit amet
4992244157,Redhold,Baby,orci luctus,9731051,4,erat eros viverra eget congue
1417184531,Biodex,Home,mauris vulputate,5952786,59,orci mauris lacinia sapien quis libero nullam
8283054309,Lotstring,Movies,penatibus et,5655392,54,ante vel ipsum praesent blandit
8315862251,Konklux,Electronics,est,9279270,52,turpis enim blandit mi in
7417040225,Biodex,Tools,cubilia curae,1111483,17,at dolor quis odio consequat varius integer
9657965209,Bigtax,Jewelry,vitae mattis,842085,47,sem fusce consequat nulla nisl nunc nisl
5711147234,Asoka,Sports,nulla,2655962,6,tempor convallis nulla neque
2037904592,Tin,Health,tincidunt,2449181,25,condimentum curabitur in
3489312325,Tampflex,Industrial,sit,5691567,34,convallis eget eleifend luctus
6001730725,Alpha,Toys,varius,7222022,41,dolor vel est
1678530573,Konklab,Tools,at,847986,11,dictumst morbi vestibulum velit id pretium iaculis
8171595014,Bamity,Computers,ipsum dolor,504453,1,gravida nisi at
5993683392,Bamity,Industrial,sapien cursus,1107420,50,ultrices libero non mattis pulvinar nulla
0379102129,Stringtough,Electronics,laoreet ut,3390437,59,faucibus orci luctus
