0934658277,Trippledex,Beauty,congue risus,416847,35,eu interdum eu,Feedfire
2291212419,Sonsing,Books,in lectus,2683620,8,in purus eu magna vulputate luctus,Bubbletube
3503086390,Aerified,Games,a libero,1860495,52,augue quam sollicitudin vitae consectetuer,Dabjam
4148508069,Voltsillam,Electronics,vivamus,1710119,4,ultrices aliquet maecenas leo odio,Mydeo
6823324929,Job,Home,dapibus nulla,2194684,48,dui proin leo odio porttitor id,Gabcube
4217938837,Veribet,Baby,etiam,4121097,34,quisque erat eros,Roodel
1990837425,Kanlam,Jewelry,quisque arcu,1260539,13,nibh quisque id,Blogpad
0147401860,Zoolab,Computers,sapien quis,9854029,36,tincidunt in leo maecenas pulvinar,Zoomdog
4825303048,Biodex,Music,eleifend luctus,5779973,9,tellus nisi eu orci,Tazz
0451690230,Voyatouch,Beauty,nullam porttitor,3400047,43,sem sed sagittis nam congue risus,Layo
9371922311,Gembucket,Health,pede ac,9466371,2,at feugiat non pretium quis,Devpulse
6923318319,Gembucket,Clothing,convallis,1814467,12,semper rutrum nulla nunc purus phasellus in,Skipstorm
2792513349,Zathin,Garden,eu sapien,6060605,29,enim in tempor turpis nec,Zoombox
7710845185,Zoolab,Movies,duis,1810809,32,diam nam tristique,Devpoint
1674595042,Tin,Sports,donec,6263229,9,quisque id justo sit,Zooveo
5699813209,Y-Solowarm,Grocery,nec,6364282,22,vivamus in felis eu sapien cursus vestibulum,Photolist
3953425102,Stronghold,Kids,laoreet ut,3024051,48,donec quis orci eget orci,Oyoloo
1642151866,Job,Beauty,in,836933,15,neque duis bibendum morbi non,Linkbridge
6909123514,Andalax,Electronics,nulla pede,7801484,59,in hac habitasse,Talane
4409003984,Namfix,Automotive,id ligula,6999205,24,parturient montes nascetur ridiculus mus,Rhynoodle
0662400453,Voltsillam,Beauty,turpis,1697451,26,ligula vehicula consequat morbi a ipsum integer,Jabberstorm
4226985583,Alpha,Baby,dapibus dolor,7395473,48,curae mauris viverra diam vitae,Zoombeat
5468136929,Vagram,Games,nunc,2080083,55,pharetra magna ac consequat,Livefish
3762266786,Fix San,Electronics,commodo placerat,4001848,9,sit amet diam in,InnoZ
9043333409,Transcof,Computers,pharetra,2838677,60,nulla quisque arcu libero rutrum,LiveZ
7727846589,Stringtough,Beauty,posuere metus,363640,43,in hac habitasse platea dictumst aliquam,Devify
1901414906,Span,Music,massa,5314225,46,integer pede justo lacinia eget tincidunt eget,Innotype
0380789515,Stringtough,Toys,iaculis congue,988222,37,vel nulla eget,Browsecat
4940187195,Redhold,Computers,at,8729557,37,fusce consequat nulla nisl,Eimbee
2725775302,Bitchip,Grocery,risus,2824564,29,non mi integer ac neque,Tazzy
1931381313,Prodder,Health,mauris laoreet,5300478,54,aliquam lacus morbi quis tortor,Gabtune
2825256137,Tempsoft,Toys,nunc rhoncus,4954942,25,donec quis orci eget orci vehicula,Tagfeed
3064128884,Zaam-Dox,Electronics,duis,7248215,30,faucibus orci luctus,Centizu
1112191615,Domainer,Outdoors,eget,6933821,11,metus aenean fermentum donec ut,Blogtag
7640116910,Bitwolf,Books,dapibus,4696757,20,augue a suscipit nulla elit,Voolia
0901890634,Quo Lux,Clothing,nisi,5791461,55,nunc vestibulum ante,Yotz
6795568199,Cardify,Computers,vulputate,7531462,33,lectus suspendisse potenti in eleifend,Fanoodle
8193739884,Prodder,Automotive,pellentesque,9469074,27,semper porta volutpat quam pede lobortis,Janyx
8333609686,Fintone,Shoes,integer,4813349,19,massa id nisl venenatis,Tekfly
4619836923,Voltsillam,Computers,proin eu,461459,18,duis ac nibh,Janyx
2908368277,Otcom,Health,tristique,8681723,53,nulla suscipit ligula in,Skyndu
7737949909,Veribet,Tools,lectus,8334644,10,aenean lectus pellentesque eget nunc donec,Dabjam
7671519820,Stringtough,Sports,sed,2370975,12,nam dui proin leo odio,Quatz
0652767230,Greenlam,Toys,suscipit ligula,1578336,7,turpis adipiscing lorem vitae mattis,Ntag
8259765454,Viva,Shoes,ut,8482020,46,arcu libero rutrum ac,Skiba
8112930082,Bamity,Baby,euismod,5389370,53,commodo placerat praesent blandit nam nulla integer,Skinder
8256103213,Greenlam,Jewelry,bibendum,877040,52,condimentum neque sapien,Pixonyx
8775657686,Transcof,Games,nullam molestie,310321,16,nulla eget eros elementum pellentesque quisque,Realfire
4574380470,Opela,Industrial,dui,6259940,60,phasellus sit amet erat nulla,Vipe
3703447613,Subin,Computers,diam,1264889,38,cras pellentesque volutpat dui maecenas,Agimba
5835881797,Prodder,Outdoors,pellentesque,7976921,6,ridiculus mus etiam,Skivee
1636031927,Stringtough,Electronics,proin,6022336,31,massa tempor convallis,Jetpulse
3236524227,Home Ing,Tools,morbi vestibulum,1739102,19,enim in tempor turpis nec euismod scelerisque,Vimbo
6620775667,Fintone,Electronics,pharetra,8206498,39,lobortis convallis tortor risus dapibus augue vel,Fivespan
4268556389,Kanlam,Toys,sem,1027100,23,ligula suspendisse ornare consequat,Browsecat
5447854288,Opela,Games,eros elementum,7669319,58,et commodo vulputate justo,Latz
5592353464,Pannier,Movies,non quam,7120031,41,sagittis nam congue risus semper porta,Centizu
9776753841,Zamit,Clothing,phasellus sit,6298867,53,vulputate elementum nullam varius nulla facilisi cras,Skajo
8864066292,Zontrax,Home,nibh,5627970,4,nullam porttitor lacus at,Brainlounge
8475927793,Tampflex,Music,lobortis,5498635,51,etiam vel augue vestibulum rutrum rutrum,Fatz
1993396934,Flexidy,Automotive,metus,7338867,44,mauris morbi non lectus,Youspan
6785600995,Wrapsafe,Industrial,lacus at,3771175,15,mattis egestas metus aenean fermentum,Bluezoom
8058827355,Tres-Zap,Home,dapibus dolor,7176247,21,dapibus at diam nam tristique tortor,Thoughtblab
0691290431,Flexidy,Clothing,ultrices,6526498,39,at nunc commodo placerat praesent blandit nam,Feedbug
7552554053,Flowdesk,Music,aliquet,5989110,35,montes nascetur ridiculus mus etiam vel augue,Zoombeat
6645501749,Toughjoyfax,Beauty,vestibulum quam,473323,9,vestibulum ac est lacinia,Izio
6014442987,Aerified,Tools,elementum,2884626,34,id nisl venenatis lacinia,Janyx
5528811775,Zaam-Dox,Games,amet lobortis,2299601,32,eros elementum pellentesque quisque porta volutpat,Youspan
1860087639,Bitwolf,Grocery,congue etiam,1472071,15,molestie hendrerit at vulputate vitae nisl,Ntags
3040898744,Overhold,Toys,tristique in,7512157,53,mauris laoreet ut,Kwinu
8175415711,Bitwolf,Electronics,lorem quisque,7812381,30,sapien cursus vestibulum proin eu,Devshare
1937864243,Stringtough,Music,ut,2665997,26,id ornare imperdiet sapien urna,Rhybox
9834434219,Konklab,Health,donec,5921209,14,leo odio condimentum id luctus,Meedoo
4954931142,Flowdesk,Industrial,et ultrices,3905554,45,massa volutpat convallis,Jabberstorm
4310092969,Daltfresh,Outdoors,non lectus,6910766,27,at diam nam tristique tortor,Ooba
6903059563,Keylex,Clothing,in,3943923,38,eget orci vehicula condimentum curabitur in,Oyoloo
8126635096,Otcom,Sports,nisl nunc,8755752,15,non ligula pellentesque ultrices,Blogtags
0290241553,Tres-Zap,Music,tellus,7086435,27,at nulla suspendisse potenti cras in,Skimia
6840065480,Aerified,Health,cras,7650781,21,est quam pharetra,Brightbean
7547787886,Zoolab,Games,pretium,4162977,5,amet consectetuer adipiscing elit,Gigashots
2438384395,Bitwolf,Toys,elit proin,1566253,58,aliquam sit amet diam in magna,Bubblemix
8612227259,Konklux,Sports,non velit,2231472,35,eget elit sodales scelerisque mauris sit,Cogidoo
5251766815,Fix San,Clothing,at diam,6347116,30,risus praesent lectus,Realfire
8076431050,Subin,Kids,amet,9015504,44,sed accumsan felis ut,Flashset
1487952465,Gembucket,Grocery,suspendisse potenti,4139069,3,nisl nunc nisl duis,Zoozzy
9109723862,Biodex,Home,felis,649494,17,integer non velit donec diam,Twiyo
6424090762,Tempsoft,Automotive,duis bibendum,8326242,23,sit amet sem fusce consequat nulla nisl,Dynabox
4957923094,Tin,Grocery,semper,2643389,59,non velit donec,Centizu
3858296910,Stringtough,Industrial,non pretium,3432494,26,in lacus curabitur at,Podcat
9196730536,Asoka,Industrial,adipiscing elit,8261003,3,rutrum nulla nunc purus phasellus,Quamba
7521069765,Bigtax,Toys,convallis,6538080,53,amet consectetuer adipiscing elit proin risus,Kazu
6127892600,Voltsillam,Clothing,nibh,4250211,53,massa donec dapibus duis at,Livetube
3028137305,Latlux,Music,integer non,9093477,7,lobortis vel dapibus at diam nam tristique,Flipopia
3251553208,Span,Music,odio porttitor,490309,58,lectus suspendisse potenti,Rhyzio
7404001501,Alphazap,Books,eget,7296711,33,id mauris vulputate,Topiczoom
2141827698,Stringtough,Games,vitae nisl,3316914,26,tellus semper interdum mauris ullamcorper purus sit,Mybuzz
5718250634,Pannier,Toys,pretium iaculis,5908987,32,posuere nonummy integer non velit donec,Dabjam
2269020928,Span,Health,mauris,2733894,7,sociis natoque penatibus et magnis,Brightbean
7140476942,Fintone,Beauty,turpis elementum,9058156,18,curabitur at ipsum,Oyonder
0722246862,Redhold,Sports,nec,9645476,35,nulla justo aliquam quis turpis eget,Camimbo
1627917861,Bitwolf,Grocery,cubilia curae,6788571,46,placerat ante nulla justo,Wikibox
3663041263,Job,Computers,tempus vel,4627584,20,iaculis justo in hac,Centizu
6485755950,Ronstring,Health,nulla suspendisse,2284218,41,lacus purus aliquet,Wikizz
0571720013,Transcof,Movies,a,3060987,14,nunc rhoncus dui vel sem sed sagittis,Leexo
2523383349,Job,Baby,tincidunt ante,7252158,38,id turpis integer aliquet,Skivee
5400297013,Tresom,Games,sit amet,2584380,36,massa tempor convallis nulla neque libero convallis,Jabbersphere
0742598322,Span,Music,posuere,1873422,6,donec ut mauris eget massa,Eare
8399239569,Matsoft,Computers,eleifend pede,4276360,20,lobortis vel dapibus at diam nam tristique,Shufflebeat
2643193687,Bitchip,Grocery,bibendum imperdiet,6188744,55,sollicitudin mi sit amet lobortis sapien,Babbleset
4646361957,Zathin,Shoes,et ultrices,4020290,29,magna vulputate luctus cum,Jaxnation
4026187055,Prodder,Health,arcu,5537657,29,lacinia nisi venenatis tristique,Plambee
4966592437,Stim,Toys,magna ac,6175185,3,ut erat curabitur,Jaxbean
3739000546,Opela,Health,sit,545501,29,sapien varius ut blandit non,Topicstorm
7587020721,Namfix,Home,odio,1133201,36,nec nisi volutpat eleifend,Thoughtworks
4687446892,Holdlamis,Jewelry,pretium iaculis,1750533,36,elit proin interdum mauris non ligula,Bluejam
1988993091,Sub-Ex,Home,eget,83140,27,at dolor quis odio,Buzzster
2510772244,Job,Industrial,erat id,5852380,1,diam erat fermentum justo,Zoombox
1449761100,Regrant,Tools,purus aliquet,871986,39,consequat morbi a ipsum integer a,Jatri
2763901115,Andalax,Books,luctus,5699854,57,elit proin interdum mauris non,Dynabox
6283343147,Daltfresh,Computers,turpis,1257894,54,in tempus sit amet sem,Feedfire
2073117678,Veribet,Grocery,morbi,9233925,16,tempor turpis nec euismod scelerisque quam,Jaxspan
9539330599,Voyatouch,Music,semper,2638167,14,morbi odio odio elementum eu interdum,Gevee
2481411366,Zoolab,Clothing,amet,2515626,18,tincidunt in leo maecenas pulvinar,Cogibox
2449581499,Sub-Ex,Jewelry,augue vel,6357935,60,maecenas tincidunt lacus at velit,Yata
4906862519,Voyatouch,Tools,eget,4353157,27,velit donec diam neque vestibulum eget,Agivu
7790352229,Fintone,Garden,accumsan odio,9985261,8,tellus semper interdum mauris ullamcorper purus,Thoughtworks
9835007535,Flexidy,Computers,erat curabitur,3215402,8,suscipit ligula in lacus curabitur,Quire
2074939299,Opela,Books,in felis,2309880,41,justo aliquam quis turpis,Kamba
8801167725,Temp,Garden,lorem,9340565,44,tortor sollicitudin mi,Myworks
5922451308,Vagram,Grocery,ante,4569157,45,lobortis est phasellus sit,Realblab
5390276884,Greenlam,Sports,velit eu,6785914,52,sapien cursus vestibulum proin,Twimm
0621736805,Cookley,Tools,donec pharetra,9956417,15,phasellus in felis donec semper sapien,Reallinks
4585644253,Fixflex,Health,pellentesque,4358058,5,elementum eu interdum eu,Yadel
6004634948,Span,Home,quis odio,3141112,56,bibendum felis sed interdum venenatis turpis,Dabtype
9697164266,Holdlamis,Baby,porttitor,8736051,57,orci luctus et,Oyope
1524383015,Flowdesk,Sports,pede posuere,8822069,7,ut massa quis augue,Skajo
8169228433,Toughjoyfax,Jewelry,fringilla,7274507,56,varius ut blandit,Meejo
1979798427,Subin,Tools,duis ac,3799017,49,cras in purus eu magna vulputate luctus,Meeveo
3677146364,Andalax,Baby,at feugiat,3344293,49,sed augue aliquam erat,Yamia
3674461587,Stringtough,Jewelry,ridiculus mus,7091464,51,fringilla rhoncus mauris enim leo rhoncus sed,Eamia
6083714249,Holdlamis,Home,metus,5972035,24,neque aenean auctor gravida sem,Vimbo
1909633216,Rank,Clothing,quam suspendisse,1728031,13,ligula nec sem,Brainverse
8788867803,Overhold,Music,mus vivamus,4504184,42,nulla sed accumsan felis ut,Twitterworks
4302211393,Bytecard,Industrial,commodo vulputate,5108880,23,luctus et ultrices posuere cubilia,Aibox
7301052170,Bamity,Movies,dolor,9795909,13,aliquam augue quam sollicitudin vitae,Thoughtbridge
2128906393,Viva,Clothing,nec,9640989,49,turpis elementum ligula,Roomm
3088776401,Span,Health,semper,1245082,23,pulvinar lobortis est phasellus sit amet,Photolist
6372737299,Flowdesk,Books,id pretium,5255039,39,in faucibus orci luctus et ultrices,Jayo
6804125800,Hatity,Beauty,mauris,2116110,19,molestie sed justo pellentesque viverra,Fatz
0146281268,Lotlux,Home,phasellus,929123,2,in hac habitasse platea dictumst aliquam augue,Pixope
3652417771,Stringtough,Outdoors,semper,5500941,53,aenean lectus pellentesque eget nunc donec,Blogtags
7005661923,Zoolab,Garden,erat quisque,4113989,12,odio curabitur convallis duis consequat,Bubblebox
2619630355,Alpha,Grocery,at dolor,5655319,16,rhoncus sed vestibulum sit amet cursus,Leexo
6486848049,It,Computers,velit nec,1020026,22,at dolor quis odio consequat varius integer,Roomm
1731385986,Bigtax,Health,non,3505649,27,proin at turpis a pede posuere nonummy,Livetube
4272753002,Zamit,Garden,bibendum,3865187,9,nulla suspendisse potenti,Topdrive
7470507264,Voyatouch,Industrial,mi,1507574,9,id turpis integer aliquet massa,Voomm
5813495924,Lotlux,Jewelry,in,6164101,5,turpis eget elit sodales scelerisque mauris,Pixope
1104948923,Sonair,Automotive,sed,2663045,16,elit proin risus praesent,Twinder
1199395226,Zathin,Clothing,nunc vestibulum,2552941,39,sit amet turpis elementum ligula vehicula consequat,Edgepulse
4985416835,Redhold,Jewelry,non,1021683,24,dapibus dolor vel est donec,Divape
6188297850,Span,Automotive,lectus pellentesque,470615,53,in imperdiet et commodo vulputate,Yodo
5922107488,Opela,Shoes,accumsan felis,1969061,53,quis lectus suspendisse potenti in eleifend quam,Youbridge
5800328218,Alpha,Automotive,sem,5290309,53,ridiculus mus etiam,Quamba
4835147162,Tin,Home,sem,1838171,23,sapien quis libero,Yacero
1703200519,Job,Games,pede,9087830,4,ultrices erat tortor sollicitudin mi,Yozio
0585572208,Opela,Beauty,consequat,9976409,50,pede ac diam cras pellentesque volutpat,Topiczoom
3289283615,Kanlam,Grocery,eu,1022347,17,non mauris morbi,Oyonder
8295221906,Subin,Toys,eleifend quam,4384687,28,vulputate luctus cum sociis,Latz
2665149435,Tampflex,Computers,cras pellentesque,1287457,51,facilisi cras non velit nec nisi,Mynte
8644826824,Tresom,Health,est et,1802186,31,sed interdum venenatis turpis,Rooxo
1635694957,Stim,Music,natoque penatibus,8059252,37,sagittis nam congue risus,Jabbersphere
3528390999,Cookley,Books,turpis,528961,19,sed accumsan felis,Thoughtmix
2838539736,Ronstring,Clothing,in,5112057,35,elementum ligula vehicula consequat morbi,Twitterwire
6459532702,Namfix,Kids,sapien,1322900,44,sit amet justo,Oyondu
7599592849,Sonsing,Tools,at,9434251,13,eros suspendisse accumsan tortor quis turpis sed,Skiptube
1409661741,Prodder,Toys,potenti cras,3621664,60,ac est lacinia nisi venenatis,Skinder
9747213575,Aerified,Toys,quis,7823280,43,non mauris morbi non lectus aliquam sit,Roomm
8590230651,Ronstring,Grocery,pretium,6653282,41,lorem ipsum dolor sit amet consectetuer,Feedfire
5898967842,Subin,Shoes,porttitor id,1900912,45,dictumst maecenas ut massa quis,Oloo
6757959593,Veribet,Electronics,sed vestibulum,9112938,2,felis eu sapien cursus vestibulum,Twitterwire
7379498703,Zathin,Beauty,nullam,5143562,40,augue vestibulum ante ipsum primis in,Wikido
1634786890,Transcof,Games,id,3155020,1,sed sagittis nam,Rhynoodle
3776721774,Redhold,Automotive,hac habitasse,8010001,45,ultrices aliquet maecenas,Realcube
6427502034,It,Kids,ac,3168176,8,in faucibus orci luctus et ultrices,Wordware
0770625517,Tres-Zap,Home,leo maecenas,9762771,5,cubilia curae donec pharetra magna,Twimbo
6333906832,Sonsing,Automotive,enim,2446074,40,quisque id justo,Bubblebox
4550583029,Transcof,Industrial,amet consectetuer,7300868,42,rutrum nulla tellus in,Yadel
6887610736,Andalax,Movies,quisque erat,810554,14,quam nec dui,Buzzbean
9557114649,Y-Solowarm,Home,lectus,7392363,9,est et tempus semper est,Plajo
0367455773,Latlux,Electronics,mi,8724937,1,pellentesque ultrices phasellus id sapien,Roombo
9017602805,Bamity,Grocery,adipiscing,4742055,8,integer aliquet massa id,Devcast
2285614934,Daltfresh,Home,erat curabitur,9666074,58,at nibh in hac habitasse platea dictumst,Yabox
7858725467,Bigtax,Computers,quisque erat,3880618,35,morbi vel lectus in quam fringilla,Topicstorm
7957887252,Home Ing,Jewelry,quisque,6168672,36,vivamus tortor duis,Oloo
8655909866,Stronghold,Sports,tincidunt eu,3435094,6,felis fusce posuere felis sed,Innojam
7304938854,Stim,Beauty,pretium nisl,8351849,35,convallis nunc proin,Youopia
6237255737,Prodder,Games,ante,2216361,30,sed sagittis nam congue risus semper,Mudo
7535884482,Gembucket,Computers,amet erat,3233694,25,ipsum aliquam non mauris morbi,Youspan
2650075325,Overhold,Electronics,dictumst maecenas,2014734,40,nibh ligula nec,Trudoo
0499872509,Sonsing,Shoes,adipiscing,8170688,13,nibh ligula nec sem duis aliquam,Kayveo
7914488232,Ventosanzap,Sports,donec pharetra,9589006,4,magnis dis parturient montes nascetur ridiculus,Demivee
7592108224,Job,Toys,ornare consequat,6119678,15,aliquet massa id lobortis convallis,Blogtags
6127459168,Voyatouch,Jewelry,vulputate,9696657,6,velit vivamus vel nulla eget eros elementum,Edgeblab
2335365215,Y-find,Outdoors,duis,2422087,48,lacus purus aliquet at feugiat non pretium,Gevee
2455783766,Lotstring,Sports,congue elementum,7777702,55,nulla tempus vivamus in felis eu sapien,Dabfeed
5331456359,Alphazap,Health,augue quam,9651605,51,convallis duis consequat dui,Reallinks
8482846477,Ronstring,Jewelry,in,3479358,12,vivamus in felis eu sapien,Dynazzy
2917468939,Sub-Ex,Games,in,2496309,17,in hac habitasse,Flashpoint
0443496846,Holdlamis,Industrial,congue eget,9206808,38,justo lacinia eget,Gigaclub
7094343086,Zamit,Clothing,amet,6779272,14,lacus at turpis donec posuere metus vitae,Edgetag
9677775227,Voltsillam,Home,mus vivamus,2017554,15,lacus morbi quis tortor id nulla,Photojam
7110108724,Asoka,Games,nunc rhoncus,1446748,59,in imperdiet et,Oba
8516012913,Stringtough,Beauty,justo sit,3452543,15,in tempus sit amet sem,Pixope
7291626145,Transcof,Games,nulla,8832358,49,amet eleifend pede libero,Meedoo
3464394123,Bytecard,Kids,suscipit nulla,7158719,45,sed accumsan felis ut at,Yodo
9676674273,Transcof,Shoes,proin risus,443685,4,in libero ut massa volutpat,Skipstorm
1656174553,Temp,Clothing,ac,8763781,7,primis in faucibus orci luctus et,Gigabox
6912521029,Hatity,Clothing,venenatis lacinia,464914,3,sapien iaculis congue vivamus metus,Tavu
5985300390,Konklab,Kids,a,9638507,4,luctus et ultrices posuere cubilia,Wordtune
5969689203,Sonair,Clothing,rutrum at,62808,59,donec ut dolor morbi vel,Jabbercube
3257209983,It,Beauty,at,5795705,19,ipsum primis in,Voonix
7040359103,Alpha,Jewelry,quis,46427,53,quisque ut erat curabitur gravida nisi at,Skalith
6578607420,Lotlux,Books,quam sapien,2045996,58,tempus semper est quam pharetra magna ac,Babblestorm
7789072528,Zoolab,Electronics,elit proin,1024199,36,et ultrices posuere,Mydeo
8622783715,Regrant,Games,id,7904374,58,interdum eu tincidunt in leo,Linktype
6862390139,Flexidy,Automotive,nulla nunc,3898171,35,duis faucibus accumsan,Jabbercube
7518066629,Aerified,Outdoors,turpis eget,2974322,26,tristique in tempus sit amet sem,Babbleopia
3099144819,Namfix,Kids,quis,5579872,57,tristique fusce congue diam,Thoughtbeat
9650961836,Span,Tools,quam,4298389,11,vivamus vel nulla,Brainsphere
3633554610,Asoka,Beauty,in,6013916,27,consectetuer adipiscing elit,Voolia
8071424900,Zathin,Automotive,vitae,6245336,35,diam cras pellentesque volutpat dui,Yakijo
1049685083,Treeflex,Outdoors,sapien,8998591,14,in blandit ultrices enim,Wikizz
0990832120,Otcom,Books,turpis,614274,21,erat fermentum justo nec condimentum,Zooxo
1478301066,Namfix,Music,vitae,5168071,7,sit amet justo morbi ut odio cras,Gabtype
7100854954,Zaam-Dox,Movies,orci,7668234,8,donec ut dolor,Zava
0193523167,Transcof,Jewelry,dui,2813695,15,in tempor turpis nec euismod,Twinder
5984194457,Y-Solowarm,Music,quis lectus,600878,11,diam vitae quam suspendisse potenti,Gigashots
8320811856,Sonair,Tools,libero,5228011,53,mus vivamus vestibulum sagittis sapien cum,Twitternation
1763258912,Sonsing,Tools,faucibus orci,8049776,4,erat curabitur gravida nisi,BlogXS
5951033381,Flowdesk,Kids,nulla,7198595,46,duis aliquam convallis nunc proin,Snaptags
4241207758,Tempsoft,Computers,justo sit,4879600,12,nonummy integer non velit donec diam,Tazzy
6359380250,Tres-Zap,Shoes,faucibus accumsan,9133904,17,congue vivamus metus arcu,Gevee
6485164537,Fixflex,Kids,viverra,4840132,36,libero nam dui proin leo odio porttitor,Jabbercube
5617540580,Namfix,Games,eget,264012,43,a odio in hac habitasse,Riffpedia
2671410409,Asoka,Books,et commodo,9384339,18,tempus vel pede morbi porttitor lorem,Gigashots
2158877634,Lotstring,Movies,consequat metus,3860093,10,nulla neque libero convallis,Buzzster
1026400791,Zamit,Health,etiam faucibus,5058408,28,nec nisi volutpat eleifend donec ut,Aibox
3584017270,It,Sports,ac consequat,9556406,45,in eleifend quam a odio in,Blogspan
9686637664,Keylex,Sports,convallis nunc,3769193,28,quis turpis sed ante,Thoughtsphere
4520530873,Sub-Ex,Movies,pede justo,5015956,45,cras non velit nec,Gabvine
7547891357,Opela,Beauty,tincidunt ante,6206402,24,sed magna at nunc commodo,Wikizz
9862385995,Holdlamis,Industrial,sollicitudin,7283158,23,metus sapien ut nunc vestibulum,Linkbuzz
3684395641,Matsoft,Garden,leo,5430512,57,aliquet ultrices erat,Jetwire
8458987333,Biodex,Industrial,eget tincidunt,8933686,4,in lacus curabitur at ipsum,Eabox
4099339351,Lotlux,Kids,leo odio,6542068,34,sociis natoque penatibus,Shuffledrive
6497357416,Fix San,Beauty,in faucibus,7164340,58,nullam molestie nibh in lectus pellentesque at,Devify
2655113993,Voltsillam,Baby,nam,6795511,47,massa quis augue luctus,Skilith
9819742498,Subin,Grocery,ante vivamus,6616219,23,morbi ut odio cras mi pede malesuada,Demizz
5002570771,Voltsillam,Shoes,consectetuer adipiscing,7123637,21,ante ipsum primis in faucibus orci luctus,Meevee
8574297690,Cardify,Sports,venenatis turpis,2577765,60,pede justo lacinia eget tincidunt eget tempus,Wikizz
9579203695,Daltfresh,Home,proin,1054865,57,sit amet justo morbi,Dynava
5378951828,Ronstring,Sports,id,1929579,44,eget congue eget semper rutrum,Voolith
1392457823,Gembucket,Books,pulvinar nulla,280969,41,ultrices posuere cubilia curae mauris viverra diam,Thoughtstorm
0480707995,Tresom,Outdoors,scelerisque,4083071,35,morbi a ipsum integer a nibh,Browsebug
6331588671,Aerified,Automotive,sed accumsan,3038085,16,consequat varius integer ac leo pellentesque ultrices,Mudo
2898424129,Span,Games,augue,9821995,1,blandit non interdum in ante vestibulum,Zoombeat
6858461043,Alpha,Books,molestie,4973926,5,dolor quis odio consequat varius,Gevee
4122930596,Wrapsafe,Movies,ut,175944,39,at nulla suspendisse potenti cras in purus,Rhycero
9368313687,Regrant,Home,tellus in,2221210,50,odio elementum eu interdum eu tincidunt,Eimbee
0958750173,Matsoft,Jewelry,consectetuer,1046332,2,habitasse platea dictumst morbi vestibulum,Camido
9897733817,Greenlam,Games,proin at,4945811,52,amet nunc viverra dapibus,Thoughtmix
4481910798,Treeflex,Outdoors,nisi,1475886,31,felis eu sapien cursus vestibulum,Gabspot
4688340249,Subin,Movies,elit,724821,57,nec nisi vulputate nonummy maecenas tincidunt,Wordtune
4672141993,Kanlam,Games,mattis,7704373,37,integer ac neque duis bibendum,Devcast
1946911518,Mat Lam Tam,Beauty,cubilia,9121780,16,erat eros viverra eget congue,Photobug
7972456283,Zoolab,Industrial,primis,2978711,23,congue eget semper rutrum nulla nunc,Kazu
1534892540,Bitwolf,Industrial,nulla pede,1361174,30,mus vivamus vestibulum sagittis sapien cum sociis,Brainverse
9199637324,Subin,Garden,tellus,6923792,43,sed magna at nunc commodo placerat praesent,Rhynoodle
7465652596,Ronstring,Computers,mauris viverra,1573239,37,nullam porttitor lacus at turpis,Brightbean
6277164929,Redhold,Health,morbi,9117758,59,pellentesque ultrices mattis odio donec,Dablist
2945529874,Alpha,Books,nulla ut,9131853,39,augue vestibulum rutrum rutrum neque aenean auctor,Livetube
9527973864,It,Toys,amet erat,1008239,39,in hac habitasse platea,Vimbo
3159814467,Ronstring,Jewelry,bibendum morbi,8954175,36,quisque porta volutpat erat,Chatterbridge
8974998734,Home Ing,Electronics,eget,8121280,46,nisl venenatis lacinia aenean,Wikivu
0015845478,Otcom,Industrial,eleifend,4235755,60,aliquet massa id lobortis convallis tortor,Brainlounge
9845454836,Stim,Toys,sapien,3683706,48,ante nulla justo aliquam,Fliptune
8767381367,Viva,Industrial,eget,2559025,42,in hac habitasse platea,Trupe
5835849516,Ronstring,Tools,dictumst,9536587,4,tortor risus dapibus augue,Yodoo
6103521319,Sub-Ex,Tools,morbi non,1127496,34,proin interdum mauris non,Twiyo
7705222175,Bytecard,Tools,nullam,693963,14,semper rutrum nulla nunc purus phasellus,Feedfish
8085374072,Hatity,Clothing,nunc,7330781,59,libero convallis eget,Vimbo
7308371115,Pannier,Home,sem,8125561,51,nam ultrices libero non mattis,Nlounge
2975238630,Tempsoft,Games,interdum,3661259,26,pellentesque eget nunc donec quis orci,Twinte
7893683120,It,Toys,luctus nec,1315340,5,a feugiat et,Divape
2178312330,Vagram,Computers,non velit,3682375,36,vulputate justo in blandit ultrices enim lorem,Skimia
7562790299,Veribet,Electronics,dolor vel,5616272,50,id mauris vulputate elementum nullam,Photolist
3462859072,Andalax,Electronics,ac lobortis,6511942,42,at turpis donec posuere metus vitae,Oyonder
1507276621,Lotstring,Health,justo,5705212,38,at nulla suspendisse potenti cras in,Trudeo
6256563255,Zathin,Industrial,at,8020374,17,accumsan odio curabitur convallis duis consequat dui,Skalith
7916863049,Veribet,Industrial,id,5421008,21,duis faucibus accumsan odio curabitur,Buzzshare
1548657670,Bitwolf,Movies,quis libero,4314158,58,morbi sem mauris laoreet ut rhoncus aliquet,Quinu
0231637381,Rank,Beauty,quis,7867131,36,sapien quis libero nullam,Ntag
5788828325,Job,Music,pharetra magna,2591029,24,convallis eget eleifend luctus ultricies,Plajo
8073114186,Toughjoyfax,Computers,mus etiam,6472840,55,sed vestibulum sit amet,Vipe
5424989691,Tempsoft,Home,pellentesque,6005881,56,vehicula condimentum curabitur,Feedfish
5871185045,Zoolab,Kids,nunc nisl,8332100,12,cursus urna ut tellus nulla,Jabbertype
1353749746,Solarbreeze,Clothing,at,1137823,50,pellentesque quisque porta volutpat erat,Twitterlist
2626054232,Stronghold,Books,non,495273,12,purus sit amet nulla quisque arcu,Rhyloo
1425793150,Daltfresh,Tools,ullamcorper,1818662,8,quis turpis eget elit sodales scelerisque mauris,Flipopia
3486674250,Regrant,Grocery,vel,7122056,5,nullam orci pede,Topiclounge
0620308907,Tres-Zap,Music,eget,2682996,26,rhoncus mauris enim leo,Flashdog
8890045213,Bitchip,Automotive,sit,7350482,8,in lectus pellentesque at nulla suspendisse,Devify
6956285878,Y-find,Electronics,eget eros,9809216,13,nunc commodo placerat praesent blandit nam,Livetube
7576637633,Prodder,Jewelry,eget nunc,6869899,52,at diam nam tristique tortor eu pede,Camimbo
2654426947,Transcof,Beauty,non,3016234,36,ac nulla sed vel enim sit amet,Babbleset
8592174937,Bitwolf,Games,porttitor id,1569414,33,primis in faucibus orci luctus,Realpoint
4326965649,Aerified,Home,sodales sed,6437980,59,vel augue vestibulum ante,Voomm
8883977505,Sonsing,Sports,tempor convallis,5432345,47,rutrum nulla nunc purus phasellus,Mydeo
4081679894,Rank,Computers,massa,7012427,5,ligula nec sem duis aliquam convallis,Meeveo
0417182082,Bigtax,Computers,donec,623990,38,quis turpis sed ante vivamus,Rhynyx
2661109692,Stringtough,Kids,viverra,3793683,41,posuere cubilia curae mauris,Digitube
8035450638,Gembucket,Toys,id pretium,3066907,8,ut nunc vestibulum ante ipsum primis,Youopia
1404842594,Vagram,Sports,tincidunt,6597433,14,id nisl venenatis lacinia aenean sit amet,Tazzy
2233354982,Tampflex,Outdoors,ultrices,6272427,44,nulla ac enim in tempor turpis nec,Yotz
6735745019,Kanlam,Sports,amet lobortis,6791097,32,turpis a pede posuere,Fliptune
1540340562,Opela,Home,cubilia curae,5822566,32,ut mauris eget,Zoomzone
2436787530,Voltsillam,Outdoors,nisi at,8675820,44,mauris viverra diam vitae quam suspendisse,Ailane
7329182656,Rank,Clothing,nunc purus,415658,22,ultrices mattis odio donec vitae,Twinte
2982969521,Mat Lam Tam,Sports,nascetur ridiculus,5552689,9,scelerisque quam turpis adipiscing lorem,Brightdog
7560824447,Tres-Zap,Toys,tempus vivamus,1482157,25,eget congue eget semper rutrum nulla,Fivespan
6301394992,Tampflex,Garden,placerat,9725176,58,venenatis turpis enim blandit mi,Zooxo
3787993924,Gembucket,Electronics,in faucibus,4641612,9,vestibulum sit amet cursus id,Kwinu
5797042886,Lotstring,Tools,sed,2006309,19,purus phasellus in felis donec semper,Kayveo
0955094267,Opela,Sports,vel,2968348,37,eu massa donec dapibus duis at velit,Gabspot
6416624672,Temp,Games,lacinia sapien,1513688,50,elementum eu interdum,Skimia
0493489908,Domainer,Computers,in congue,8650780,36,nullam porttitor lacus at turpis donec posuere,Buzzdog
9439240156,Gembucket,Outdoors,erat vestibulum,2973295,55,nullam molestie nibh,Linktype
4792584779,Voltsillam,Jewelry,iaculis justo,7376520,28,penatibus et magnis dis,Jayo
0747543267,Quo Lux,Books,congue vivamus,200687,49,mattis nibh ligula nec sem,Realbuzz
6503534698,Latlux,Music,tempor convallis,5862574,22,tincidunt eu felis fusce,Zazio
4727303906,Zamit,Electronics,vel nulla,6994564,18,non mauris morbi non,Riffwire
6452574388,Veribet,Kids,vivamus,3224117,6,integer pede justo lacinia eget tincidunt,Photospace
0685659690,Y-find,Garden,mattis,1137587,20,adipiscing molestie hendrerit at vulputate vitae nisl,Realfire
8410050773,Tin,Shoes,luctus et,2845871,21,ultrices erat tortor sollicitudin,Realpoint
6064155795,Alphazap,Music,morbi non,3751046,6,non velit donec,Fivechat
0784544468,Tin,Garden,risus auctor,31230,52,sapien quis libero nullam sit amet,Muxo
9882023649,Keylex,Tools,convallis nulla,2074870,14,sed accumsan felis,Thoughtworks
1312525185,Mat Lam Tam,Grocery,elit sodales,6671285,41,elit proin risus praesent lectus,Zoomzone
9591895054,Bigtax,Home,donec,2506575,4,sed tristique in tempus sit,Gabtype
9530038275,Sonsing,Outdoors,consequat,698184,12,velit eu est congue,Quaxo
8200984931,Cardify,Beauty,nam,3554547,50,eget elit sodales scelerisque mauris sit,Blogtags
9265669365,Zontrax,Books,proin,9633413,42,pellentesque ultrices mattis,Babbleblab
4295714658,Bytecard,Garden,habitasse platea,8435263,14,ligula in lacus curabitur,Quamba
5133674279,Regrant,Clothing,felis,6541641,14,dapibus duis at velit eu est,Realcube
5305394856,Voyatouch,Industrial,sed ante,9452954,15,integer non velit donec diam,Jayo
2245317122,Job,Kids,placerat,8412700,59,potenti nullam porttitor lacus at turpis donec,Mynte
1942944985,Ventosanzap,Home,ultrices erat,227731,6,etiam justo etiam,Skippad
6417149471,Temp,Industrial,eget,156746,16,ullamcorper purus sit amet nulla quisque arcu,Jabbercube
4769708823,Zaam-Dox,Health,nulla,3582771,41,vestibulum sed magna at nunc commodo placerat,Trunyx
3360839404,Tres-Zap,Beauty,nisi at,4590346,27,placerat ante nulla justo aliquam quis,Voomm
6217457423,Treeflex,Games,faucibus,2058138,50,tellus nulla ut erat,Linktype
3154624295,Greenlam,Toys,libero quis,8491221,13,massa volutpat convallis morbi,Aivee
8950316366,Kanlam,Books,lobortis sapien,4007250,6,cras in purus eu magna,Meevee
9390377056,Stronghold,Electronics,ultrices posuere,4105770,20,vestibulum ante ipsum primis in faucibus,Mycat
3051646911,Fintone,Shoes,nunc,5998548,13,velit donec diam,Flashspan
7889769032,Solarbreeze,Toys,justo,7826617,25,fusce congue diam,Wordware
2950497497,Cardify,Industrial,aliquet,8086622,27,primis in faucibus orci luctus,Chatterbridge
9423630154,Stronghold,Garden,habitasse,9582310,54,nulla nunc purus phasellus in felis,Flashspan
4574215585,Bytecard,Books,adipiscing,1180659,57,montes nascetur ridiculus mus etiam vel augue,Flashspan
8063039912,Zontrax,Health,eleifend,7013338,14,nec nisi volutpat eleifend donec ut dolor,Wordware
6355705899,Asoka,Outdoors,ut,2481379,31,enim blandit mi in porttitor pede justo,Ntags
0305327682,Trippledex,Industrial,tincidunt eu,1093401,38,diam erat fermentum justo nec,Vidoo
3538472335,Flexidy,Jewelry,integer,9193633,13,metus sapien ut nunc vestibulum ante,Zoonoodle
1893323870,Ronstring,Health,morbi a,9915891,26,proin risus praesent lectus vestibulum,Demimbu
4391034824,Konklab,Outdoors,commodo placerat,3985588,37,non mattis pulvinar nulla,Brainlounge
0501903852,Voltsillam,Beauty,vel nisl,3684744,4,eu magna vulputate luctus,Digitube
8178661306,Regrant,Beauty,lobortis ligula,664653,34,suscipit nulla elit ac nulla sed,Skyble
5457654192,Overhold,Baby,ac,4617472,36,tempor convallis nulla neque,Wikivu
4636253825,Kanlam,Shoes,ut volutpat,935242,49,cras in purus eu,Wordtune
9015190046,Bitwolf,Tools,nascetur,2482957,26,at velit vivamus vel,Meezzy
8804314427,Home Ing,Health,consequat,649027,51,elementum eu interdum eu,Gigabox
3820541675,Toughjoyfax,Clothing,eu,5252494,34,faucibus orci luctus et ultrices posuere,Jayo
1705353517,Veribet,Books,et magnis,9298492,6,augue a suscipit nulla elit,Babbleset
3177287775,Stringtough,Tools,ac neque,1928316,44,diam in magna bibendum imperdiet,Devbug
9271452887,Subin,Books,vel,9606595,24,sed interdum venenatis turpis enim blandit,Realmix
9303744918,Solarbreeze,Computers,in,9383352,12,fusce lacus purus aliquet at feugiat,Eidel
2146593431,Cookley,Industrial,ultrices,7959496,40,eget eleifend luctus ultricies eu nibh,Zoombox
3331531626,Duobam,Outdoors,porta volutpat,2203536,13,nullam sit amet turpis elementum ligula vehicula,Ailane
2733550047,Job,Health,donec,3214311,24,odio curabitur convallis duis,Oyoyo
2358921165,Treeflex,Computers,odio curabitur,2080050,41,bibendum felis sed,Realpoint
9638520043,Lotlux,Automotive,nulla nunc,1776428,24,quis orci eget orci vehicula condimentum,Feedfire
9218018817,Biodex,Shoes,adipiscing,5093042,59,montes nascetur ridiculus mus vivamus vestibulum,Blogpad
9932389153,Cardify,Electronics,ac consequat,9152708,17,ut rhoncus aliquet pulvinar,Meedoo
5319107234,Alpha,Baby,hac habitasse,862533,59,volutpat eleifend donec ut dolor morbi,Tagtune
1158204280,Lotstring,Shoes,habitasse,2297992,59,odio curabitur convallis duis consequat dui nec,Eabox
5199300857,Viva,Computers,et ultrices,2295771,4,nascetur ridiculus mus,Eadel
0005362504,Tampflex,Tools,eleifend pede,7892172,32,commodo placerat praesent,Zoonder
2662233958,Y-find,Toys,non,7445454,59,tellus nulla ut erat id mauris vulputate,Nlounge
8750169904,Quo Lux,Garden,ut blandit,5561970,40,imperdiet et commodo vulputate justo in blandit,Jaxworks
8416244421,Temp,Kids,sapien iaculis,5861888,19,vel accumsan tellus,Brainlounge
1927622077,Tres-Zap,Movies,ut ultrices,1215626,39,est lacinia nisi venenatis,Tagfeed
6530610790,Pannier,Toys,vel est,6599243,24,proin risus praesent lectus vestibulum quam,Chatterbridge
6198482251,Zontrax,Kids,vel,6493586,32,in congue etiam justo etiam pretium iaculis,Edgeclub
8035090917,Sonair,Shoes,duis,9914285,51,lacus morbi sem,Edgewire
8544769047,Cookley,Jewelry,imperdiet,8763002,2,habitasse platea dictumst morbi vestibulum velit id,Oyoloo
4817992751,Overhold,Toys,tempor convallis,9325047,34,sit amet erat nulla tempus vivamus,Devify
0702062782,Treeflex,Games,auctor,2783866,6,sem mauris laoreet ut rhoncus aliquet,Trunyx
5605226886,Flowdesk,Computers,in,5467498,40,pede justo lacinia eget tincidunt eget,Jabberstorm
8829101133,Ronstring,Automotive,congue,6317606,34,duis aliquam convallis nunc proin,Topiczoom
1942555377,Tempsoft,Beauty,morbi non,3596248,41,nulla neque libero convallis,Brainbox
4332828119,Holdlamis,Tools,in leo,5373735,35,ut nunc vestibulum ante,Browsecat
4920308191,Bytecard,Garden,integer,8104510,21,pede morbi porttitor lorem,Gabvine
5711200720,Solarbreeze,Baby,in,1975353,18,etiam faucibus cursus urna ut,Izio
3487277484,Toughjoyfax,Industrial,sollicitudin,8797334,18,dapibus at diam,Bubblemix
6417230732,Treeflex,Toys,et,285362,54,iaculis congue vivamus,Topicblab
7245639213,Tres-Zap,Grocery,cursus vestibulum,3684178,55,lobortis ligula sit amet eleifend,Bubbletube
6985086500,Vagram,Toys,nonummy maecenas,766525,49,tincidunt in leo maecenas pulvinar lobortis est,Skajo
3610840439,Aerified,Kids,duis,6110569,59,nunc nisl duis,Livetube
3781321991,Andalax,Automotive,pharetra magna,671678,41,tellus semper interdum mauris ullamcorper purus sit,Yambee
5784466771,Redhold,Automotive,venenatis,3125505,47,sem duis aliquam convallis nunc proin,Realcube
9806211642,Zathin,Books,justo aliquam,5921346,33,in purus eu magna,Edgepulse
5771890227,Sonair,Computers,primis in,721429,28,consectetuer eget rutrum at,Zoombeat
6401151293,Andalax,Movies,elementum,230294,42,quisque ut erat curabitur gravida,Flashspan
0757918646,Konklab,Books,nunc donec,9000218,51,phasellus sit amet erat,Livetube
0526336536,Biodex,Automotive,cras,2448732,36,habitasse platea dictumst aliquam augue quam,Twitternation
5001487943,Bamity,Movies,lacinia sapien,7107815,24,ut at dolor quis odio consequat,Dablist
6812829544,Flowdesk,Tools,blandit nam,2362519,54,dapibus dolor vel,Fivechat
8257468886,Holdlamis,Health,ante,3338456,46,viverra eget congue eget,Avavee
3496388277,Subin,Jewelry,sit amet,4947116,9,nisl nunc rhoncus dui vel,Edgeify
5743471665,Tampflex,Health,purus aliquet,4951316,44,nisi venenatis tristique fusce congue diam id,Blogspan
1716400988,Prodder,Automotive,risus dapibus,2205534,6,et commodo vulputate justo,Zoomlounge
2433596394,Stronghold,Outdoors,blandit lacinia,7237975,56,interdum mauris non ligula,Jabbersphere
8678159944,Tres-Zap,Home,at nunc,9775155,4,parturient montes nascetur,Vitz
0694016500,Voyatouch,Beauty,eu nibh,4530485,19,ornare imperdiet sapien,Lazz
3476335127,Quo Lux,Outdoors,lectus,489862,33,sed augue aliquam,Yamia
0629137129,Cardify,Shoes,condimentum,3877355,3,aliquet ultrices erat tortor sollicitudin mi,Ooba
0240062205,Veribet,Books,sed justo,609497,58,nibh in hac,Dabfeed
7592363917,Y-Solowarm,Kids,augue vel,18689,25,eleifend pede libero quis orci,Bubbletube
4911010614,Wrapsafe,Clothing,mus vivamus,4200155,43,odio in hac habitasse platea dictumst maecenas,Geba
1516653688,Duobam,Industrial,donec odio,7363664,52,eget eleifend luctus ultricies,Babblestorm
3517725420,Transcof,Games,pede,5669125,45,mus etiam vel augue vestibulum,Zoomcast
9233229084,Namfix,Jewelry,curabitur,8379189,30,sit amet erat nulla,Yabox
1335914854,It,Baby,in,7642747,23,justo eu massa,Feedmix
8718470491,Lotlux,Shoes,eleifend,6311888,22,vel est donec odio justo sollicitudin,Oozz
3455863353,Daltfresh,Music,vestibulum,6421770,29,aenean fermentum donec ut mauris eget massa,Innojam
6066115472,Tresom,Garden,lacinia nisi,8301989,24,suscipit ligula in lacus,Meetz
1349803936,Fixflex,Movies,quisque,1797385,23,nec nisi volutpat eleifend donec,Skibox
9830264904,Sub-Ex,Jewelry,vehicula,7836469,48,nulla suspendisse potenti,Latz
0448322544,Wrapsafe,Music,libero rutrum,2022943,51,vel nisl duis ac nibh fusce,Viva
9420293033,Holdlamis,Music,pede malesuada,7356737,20,nisl duis bibendum felis sed,Izio
6258795293,Duobam,Kids,eu,9517905,20,luctus tincidunt nulla mollis molestie lorem,Roomm
4734732167,Zoolab,Books,dis parturient,7775762,5,in consequat ut,BlogXS
6665853756,Mat Lam Tam,Tools,ut,7794711,48,proin leo odio,Twitternation
8296941740,Transcof,Grocery,et commodo,3114153,13,arcu adipiscing molestie hendrerit at vulputate,Pixoboo
1926674715,Kanlam,Electronics,tristique tortor,2429280,53,est et tempus semper est,Linktype
8544568823,Greenlam,Beauty,in,5298358,31,amet cursus id turpis integer aliquet massa,Ailane
8082639075,Domainer,Baby,sodales sed,5713667,17,nulla nunc purus phasellus in,Twimbo
1900749300,Zathin,Movies,erat,3021007,55,nisl aenean lectus pellentesque eget nunc,Jetwire
0757636187,Veribet,Grocery,lobortis est,1215124,37,eu interdum eu tincidunt in leo maecenas,Kanoodle
0330581015,Wrapsafe,Automotive,lectus pellentesque,1253563,25,lectus vestibulum quam sapien varius ut blandit,Yombu
9953118000,Aerified,Toys,turpis,1305179,25,amet cursus id turpis,Buzzshare
7571829313,Bitwolf,Electronics,felis fusce,9025915,34,sem sed sagittis nam congue risus semper,Leenti
3968437128,Tin,Home,rhoncus sed,3416712,18,eget massa tempor convallis nulla neque libero,Quatz
5050054133,Kanlam,Kids,quam pharetra,6166728,26,vestibulum sed magna at nunc commodo,Tagopia
1064318177,Viva,Home,suspendisse potenti,3320560,23,justo eu massa donec dapibus duis,Kwinu
5128115534,Daltfresh,Health,lorem ipsum,1510884,28,et commodo vulputate justo in,Demimbu
8665409882,Holdlamis,Outdoors,nisi,8997000,57,leo odio porttitor id consequat,Oyoba
5119428827,Temp,Computers,nulla,7983605,45,turpis donec posuere metus vitae ipsum,Fivechat
2742820582,Fix San,Sports,volutpat eleifend,1199290,11,quam a odio in hac habitasse platea,Zoovu
6689524590,Domainer,Tools,malesuada in,9483001,36,condimentum id luctus,Shufflebeat
2822965730,Toughjoyfax,Beauty,etiam,8838502,29,amet diam in magna bibendum,Realcube
2527139434,Job,Industrial,sapien,7087149,26,sed vel enim sit amet,Realblab
7867027580,Vagram,Kids,cursus vestibulum,5790281,27,eu nibh quisque id justo sit amet,Zoomdog
5978872996,Otcom,Music,curae,6946806,49,placerat praesent blandit nam nulla integer pede,Demizz
1506667821,Overhold,Clothing,aliquet maecenas,7836919,42,faucibus orci luctus et ultrices posuere cubilia,Roombo
1607724464,Viva,Movies,proin at,6020223,59,volutpat dui maecenas,Vidoo
5435197554,Domainer,Tools,aenean fermentum,968202,37,nulla nunc purus phasellus,Thoughtblab
4271152412,Prodder,Outdoors,eget orci,3343360,25,turpis enim blandit,Eidel
7601861198,Stim,Baby,fringilla rhoncus,9612953,26,augue a suscipit,Yodo
4384311370,Zamit,Beauty,fermentum justo,4008928,43,arcu adipiscing molestie hendrerit at vulputate vitae,Twitternation
1181260256,Subin,Toys,nam,1104021,30,dolor quis odio consequat varius integer ac,Vimbo
1609676785,Otcom,Music,hac,629361,1,nulla neque libero convallis eget eleifend,Youtags
8599549707,Daltfresh,Health,accumsan,9509532,33,quis augue luctus tincidunt nulla,Buzzshare
3646733977,Zamit,Electronics,vestibulum eget,3914271,21,leo rhoncus sed vestibulum,Eidel
2519485698,Alpha,Home,eu mi,929945,37,semper sapien a libero nam dui,Kamba
6357515264,Regrant,Jewelry,quam,1623326,44,vel accumsan tellus nisi eu orci mauris,Demivee
1581560702,Cookley,Grocery,curabitur,7597350,38,vel accumsan tellus,Latz
1837334773,Sub-Ex,Music,velit vivamus,6664852,56,amet cursus id turpis integer,Skyba
3723682758,Prodder,Garden,ac consequat,5224595,52,libero convallis eget eleifend luctus,Flipopia
8169924693,Alphazap,Health,eu massa,1835753,18,amet lobortis sapien,Kayveo
8626065469,Treeflex,Clothing,dui nec,3565933,13,massa donec dapibus duis at velit,Realcube
3132663085,Pannier,Shoes,sapien ut,7888591,42,nulla pede ullamcorper,Fivechat
6515079257,Tampflex,Movies,magna ac,3242760,21,potenti in eleifend quam a odio in,InnoZ
6756472593,Transcof,Kids,posuere nonummy,5447262,38,sit amet nunc viverra dapibus nulla,Tanoodle
1622540042,Y-Solowarm,Baby,primis in,4982360,18,praesent id massa,Midel
4544922127,Flowdesk,Outdoors,integer ac,7945535,2,felis eu sapien cursus vestibulum,Gabtune
1987740971,Biodex,Tools,amet,1611061,6,mi integer ac neque,Jabberstorm
0455093423,Redhold,Garden,volutpat erat,7724004,37,nam nulla integer pede justo,Feedspan
4449436539,Tin,Jewelry,primis in,2758734,39,tellus in sagittis dui vel,Jatri
8200691934,Konklux,Clothing,hac habitasse,5806481,58,adipiscing lorem vitae mattis nibh ligula,Flashset
4746306397,Matsoft,Grocery,amet,4176213,31,morbi quis tortor id nulla ultrices aliquet,Brightbean
0199606021,Treeflex,Garden,augue vel,5755267,57,augue a suscipit nulla,Twinte
1722709634,Tempsoft,Books,orci,6386400,2,pede libero quis,Jetwire
6507845892,Domainer,Beauty,tempus,3922065,48,viverra diam vitae,Trudeo
5179512034,Sonair,Industrial,at,8501808,2,platea dictumst maecenas,Jabbertype
5116855368,Flowdesk,Baby,eget,8297550,53,quis augue luctus tincidunt,Flashset
7788129690,Biodex,Kids,vitae mattis,9511054,48,volutpat erat quisque erat eros,Oyoyo
8179262553,Mat Lam Tam,Electronics,lectus,8642381,27,sem mauris laoreet ut rhoncus aliquet pulvinar,Wikizz
5066369120,Wrapsafe,Automotive,est et,9042076,18,posuere cubilia curae,Topdrive
4921441030,Lotlux,Computers,felis ut,64062,2,varius integer ac leo pellentesque ultrices mattis,LiveZ
3043890965,Rank,Sports,sollicitudin mi,9674217,20,hac habitasse platea dictumst,Skiptube
9536649659,Cookley,Games,tortor id,3527109,21,nullam varius nulla facilisi,Katz
7231733018,Kanlam,Sports,sed nisl,2306315,6,nisl nunc rhoncus dui vel,Photolist
1124533567,Ventosanzap,Baby,vestibulum proin,9012605,15,vestibulum vestibulum ante ipsum primis,Photobug
9055127744,Bigtax,Movies,interdum in,9837655,42,est congue elementum in hac habitasse,Oyoyo
6399428963,Prodder,Industrial,at,3747458,57,volutpat erat quisque,Tambee
8911086398,Stronghold,Clothing,semper,51005,11,ultrices vel augue vestibulum ante ipsum primis,Roombo
3358547965,Job,Shoes,diam nam,6730304,52,elementum ligula vehicula consequat morbi,Youspan
2860154620,Holdlamis,Beauty,convallis morbi,1174344,32,sapien arcu sed,Voolia
0006765297,Flowdesk,Automotive,amet,5097822,46,sapien ut nunc vestibulum ante ipsum,Kamba
0357846079,Lotlux,Books,lobortis convallis,298457,43,morbi porttitor lorem id ligula suspendisse,Thoughtmix
1434569047,Bytecard,Home,quisque ut,791975,15,erat nulla tempus vivamus in felis,Skalith
5888208299,Fix San,Movies,faucibus,9062147,40,massa id nisl venenatis lacinia aenean sit,Twitterworks
0962705616,Vagram,Automotive,enim,683416,38,diam id ornare imperdiet sapien urna,Roodel
0326055363,Zamit,Computers,integer,7665493,4,blandit mi in,Babbleblab
4682424122,Konklux,Sports,potenti in,1966445,33,ante ipsum primis in faucibus orci,Yadel
2018621181,Kanlam,Shoes,pede,8667230,41,erat tortor sollicitudin mi sit amet,Shufflester
5033846124,Zoolab,Music,enim,8497448,52,maecenas leo odio condimentum,Meejo
9566908601,Tampflex,Baby,quis turpis,383914,9,nulla quisque arcu libero rutrum,Meemm
1104839369,Regrant,Home,et,3139956,36,dis parturient montes nascetur ridiculus mus,Ooba
8030312652,Fixflex,Automotive,a nibh,6119326,45,tortor duis mattis egestas metus,Edgeify
2914780931,Bitwolf,Computers,nunc,1424487,9,enim leo rhoncus sed,Youspan
7126879849,Biodex,Toys,hac,7000633,17,viverra diam vitae quam suspendisse potenti nullam,Tagpad
6434380704,Sonair,Garden,varius integer,4637034,32,hac habitasse platea dictumst etiam faucibus cursus,Linktype
3342615249,Stronghold,Home,ligula nec,1768721,46,venenatis tristique fusce congue diam id ornare,Eimbee
8207478322,Zaam-Dox,Toys,accumsan,4897486,44,leo pellentesque ultrices mattis odio,Podcat
3879792895,Quo Lux,Books,lorem,9895455,13,dictumst aliquam augue quam,Dabshots
0066315271,Zontrax,Health,magna,5800422,35,integer non velit donec diam neque vestibulum,Meevee
1650048114,Stringtough,Kids,ridiculus,5435156,50,tellus nisi eu orci,Trudeo
2186333325,Stringtough,Movies,consectetuer,3783427,10,turpis sed ante vivamus tortor duis,Meetz
0508631270,Flexidy,Toys,id nisl,3660248,39,vestibulum ac est lacinia,Yata
9508464755,Gembucket,Industrial,consequat,2256379,55,integer pede justo lacinia,Skippad
7202249804,Ventosanzap,Industrial,aenean auctor,5292567,3,morbi vestibulum velit,Edgewire
6459345449,Voltsillam,Beauty,maecenas,816908,51,lacus at turpis donec posuere metus vitae,Brainbox
6757957086,Zamit,Toys,ultrices,9444116,29,ac tellus semper interdum mauris ullamcorper,Meezzy
0109552903,Quo Lux,Movies,duis,3030420,50,nisl ut volutpat sapien arcu sed,Voonder
6687997289,Tin,Garden,in,4728223,34,nam dui proin,Skaboo
5084102963,Sonair,Music,nisl aenean,6413289,2,aliquam augue quam sollicitudin vitae,Oyope
7000816473,Prodder,Music,rhoncus mauris,7983123,5,lacus at velit vivamus vel nulla,Jaxnation
1670529851,Quo Lux,Garden,et ultrices,7559392,35,ornare imperdiet sapien urna pretium,Devpoint
9268076217,Latlux,Baby,proin risus,4153419,26,nunc nisl duis,Linktype
7258437045,Holdlamis,Games,morbi,3674719,30,blandit nam nulla integer,Avaveo
5295583023,Treeflex,Grocery,ut,5231191,19,orci pede venenatis non sodales sed,Gigaclub
1780680945,Flowdesk,Jewelry,sed tristique,2976414,3,vel dapibus at diam nam tristique tortor,Zoonder
9645004977,Vagram,Movies,morbi,4811955,32,vulputate ut ultrices vel augue,Abata
8490625069,Voyatouch,Shoes,enim blandit,5928346,25,ultrices posuere cubilia curae,Aibox
8254914176,Mat Lam Tam,Computers,maecenas rhoncus,3849235,24,molestie sed justo pellentesque viverra pede,Ailane
0261617567,Opela,Outdoors,sapien a,1348098,42,viverra pede ac,Eayo
2591655472,Stringtough,Health,varius ut,3938935,21,nisi eu orci,Podcat
9039946981,Mat Lam Tam,Computers,dui maecenas,8946993,52,auctor gravida sem praesent id massa id,Demizz
9078005815,Fixflex,Outdoors,aliquam convallis,1550336,6,sapien varius ut blandit non,Divape
8485098390,Cardify,Kids,libero,146956,37,lacinia sapien quis libero nullam sit amet,Jabbertype
8880585274,Solarbreeze,Home,imperdiet,8064812,57,lectus aliquam sit amet diam,Divape
7491483011,Otcom,Industrial,eget,871052,5,ante ipsum primis in faucibus,Photojam
1698668201,Cardguard,Garden,in,9339145,19,nisi eu orci mauris lacinia sapien,Npath
4984967560,Home Ing,Computers,mauris non,5401858,18,nulla eget eros elementum pellentesque,Thoughtmix
7160374649,Fix San,Home,eget rutrum,4071562,7,a libero nam dui proin leo,Zooveo
0781008085,Y-find,Beauty,sit amet,8316440,9,egestas metus aenean fermentum donec,Oyope
3487470683,Rank,Tools,in,4408319,15,purus aliquet at feugiat non pretium quis,Jabbertype
8527389614,Viva,Shoes,lorem,8554483,36,parturient montes nascetur ridiculus mus etiam,Zoombeat
5903282113,Bitwolf,Music,sed tincidunt,8521361,19,maecenas leo odio,Ooba
7118032441,Rank,Grocery,nisi at,5725412,9,nulla nisl nunc,Abatz
8837343817,Aerified,Kids,aenean auctor,3176520,20,pede posuere nonummy integer non velit donec,Fliptune
4084503991,Kanlam,Beauty,posuere nonummy,470197,45,habitasse platea dictumst aliquam augue,Zoomdog
0114687749,Matsoft,Music,enim,30976,50,elit sodales scelerisque,Lajo
4679518820,Tin,Electronics,congue diam,8838701,34,pede libero quis orci nullam molestie,Feedspan
4468624450,Fintone,Industrial,aliquet,2524296,33,cras pellentesque volutpat dui maecenas,Skinix
9869807801,Voyatouch,Toys,lacinia,6237110,19,donec vitae nisi nam ultrices libero,Zoomcast
6044433544,Fix San,Music,amet,9041327,8,mi nulla ac enim in,Browsecat
2658919549,Voyatouch,Movies,nonummy maecenas,346939,56,vestibulum sed magna at,Wordtune
3509449924,It,Health,ipsum dolor,750184,6,vitae quam suspendisse potenti nullam porttitor lacus,Avaveo
5815940631,Opela,Health,eu pede,9947933,59,orci pede venenatis non sodales,Zazio
5520402809,Rank,Automotive,in eleifend,2158683,40,faucibus orci luctus et ultrices posuere cubilia,Muxo
0723603022,Bamity,Kids,etiam,5403843,7,nulla sed accumsan felis ut at dolor,Voolia
3287861824,Latlux,Outdoors,ultrices libero,8333814,55,in eleifend quam a odio in hac,Fatz
7229523044,Lotlux,Industrial,integer ac,9682649,4,auctor sed tristique in tempus sit amet,Kazio
3130186271,Duobam,Beauty,in hac,7018300,30,eleifend quam a,Brainsphere
9659700210,Veribet,Industrial,nulla ut,7491001,7,convallis duis consequat dui nec nisi volutpat,Fivechat
4692113278,Redhold,Baby,semper rutrum,187479,15,purus sit amet nulla quisque,Teklist
4927380033,Stronghold,Tools,erat,7665465,25,eros elementum pellentesque quisque porta volutpat,Skyndu
9219315238,Voltsillam,Sports,nulla,181449,40,dis parturient montes nascetur ridiculus mus vivamus,Youspan
5141409910,Namfix,Grocery,habitasse,6013668,31,consequat lectus in est risus auctor sed,Demivee
4145566629,Rank,Grocery,nulla,7694462,8,blandit ultrices enim lorem ipsum dolor sit,Trilia
8878761583,Sonair,Movies,platea dictumst,8461700,55,lobortis sapien sapien,Ooba
2925646751,Bigtax,Music,amet sapien,8134603,41,nascetur ridiculus mus etiam vel augue,Reallinks
6572789683,Sonsing,Baby,massa,30644,57,cubilia curae duis faucibus,Eire
0553407503,Y-find,Garden,integer pede,4527577,11,iaculis congue vivamus metus arcu adipiscing,Demivee
9487071253,Sub-Ex,Home,est,5727166,19,luctus et ultrices posuere cubilia curae duis,Zooxo
3191349960,Home Ing,Industrial,integer,308963,57,quam pharetra magna ac consequat metus sapien,Photobug
3560369290,Sonsing,Health,ante,4975460,1,duis bibendum felis sed interdum,Zoombeat
2319992979,Sonair,Games,elementum ligula,2129801,4,magna vulputate luctus,Eazzy
9234187253,Fix San,Industrial,morbi non,6143862,54,lorem integer tincidunt ante vel,Fivebridge
8359263485,Bamity,Electronics,vestibulum rutrum,6201241,41,sollicitudin mi sit amet,Wikivu
3719726932,Aerified,Toys,consectetuer adipiscing,6864707,59,vulputate vitae nisl,Tazzy
7589920290,Stim,Health,fusce congue,8441050,54,curabitur in libero,Ozu
5380036902,Cardguard,Home,tellus in,1981112,32,volutpat eleifend donec ut dolor,Yabox
8663804652,Konklux,Beauty,at,2964243,34,justo sit amet sapien dignissim,Wordtune
2839193418,Holdlamis,Games,maecenas pulvinar,6066855,22,erat tortor sollicitudin mi sit,Kwimbee
6812462632,Bitchip,Games,pulvinar,784227,4,blandit mi in porttitor pede justo eu,Voonyx
9865625555,Sonsing,Automotive,morbi vel,9309551,20,vivamus vel nulla eget eros elementum,Rhynyx
6100954036,Solarbreeze,Beauty,dapibus augue,7187597,18,neque sapien placerat ante nulla justo aliquam,Flashspan
3965335324,Quo Lux,Tools,fusce,8401589,34,diam id ornare imperdiet sapien,Dabfeed
7544305031,Bitwolf,Home,volutpat,3207764,41,nec euismod scelerisque quam,Youtags
1266323201,Otcom,Computers,venenatis,5183762,49,fusce congue diam id ornare imperdiet,Cogibox
8274632699,Flexidy,Books,lorem vitae,1347201,21,quis justo maecenas rhoncus aliquam,LiveZ
1426396236,Domainer,Sports,nam,7055174,45,integer aliquet massa,Mita
3377740007,Zontrax,Music,in,3295524,24,tellus in sagittis dui,Wordtune
8121771056,Veribet,Books,in purus,1861372,44,turpis sed ante vivamus tortor duis,Eadel
4342289687,Tampflex,Clothing,vel,6137798,14,platea dictumst morbi vestibulum velit id pretium,Mynte
6473828907,Fintone,Tools,luctus ultricies,7695029,30,nulla neque libero convallis,Babblestorm
9888431862,Konklux,Industrial,ipsum primis,2593613,16,ultricies eu nibh quisque id,Rhynoodle
6914311765,Tres-Zap,Garden,morbi sem,6919172,42,luctus ultricies eu nibh,Pixonyx
7560501990,Holdlamis,Electronics,dictumst,8763913,6,nisi at nibh,Nlounge
8703331288,Matsoft,Kids,lorem integer,7323672,6,ut massa volutpat,Feedfire
0360901670,Tampflex,Sports,integer,4222060,19,mus vivamus vestibulum,Zoomcast
6668185053,Regrant,Kids,maecenas,6852261,8,volutpat erat quisque erat,Shufflebeat
8397253467,Cardguard,Baby,lorem,1310623,15,ipsum integer a nibh in quis,Realpoint
6826983893,Voyatouch,Outdoors,eu pede,5828647,16,ornare imperdiet sapien urna,Skibox
9757152609,Job,Jewelry,rhoncus aliquam,7416686,57,curae mauris viverra diam vitae,Yacero
3225613681,Vagram,Baby,interdum,6902739,19,quisque ut erat,Kwilith
1031328041,Domainer,Jewelry,erat quisque,138898,20,est risus auctor sed tristique in,Buzzbean
1154561402,Temp,Movies,vestibulum,1004922,4,convallis tortor risus dapibus augue vel accumsan,Gigashots
3006834259,Fix San,Automotive,quis turpis,939198,50,congue elementum in hac habitasse platea,Meevee
2536879879,Redhold,Music,leo odio,369599,44,potenti nullam porttitor lacus at,Tagchat
8122008720,Hatity,Outdoors,lacinia,2865937,49,in felis donec semper,Photobean
6440009230,Greenlam,Automotive,in tempus,2759469,27,nec dui luctus rutrum,Jetpulse
4351253851,Latlux,Jewelry,posuere,3262915,31,augue a suscipit nulla,Youopia
4487321824,Konklab,Shoes,orci,3641477,21,quam turpis adipiscing,Skibox
2227243392,Tin,Books,habitasse,7915933,27,augue vestibulum ante ipsum primis in,Linkbuzz
9761989437,Tin,Books,eget,2696836,20,semper sapien a libero nam dui,Youopia
2495380042,Cardguard,Jewelry,tempus semper,5873436,46,neque duis bibendum morbi non quam nec,Eadel
3077484447,Kanlam,Electronics,blandit lacinia,4864827,28,vel ipsum praesent blandit,Twinte
2135077895,Fixflex,Games,sed,8953498,5,cras in purus eu magna vulputate,Nlounge
9778956618,Bitwolf,Health,lacus curabitur,7902432,14,eget massa tempor convallis nulla,Divape
9304019729,Asoka,Tools,ultrices erat,3618844,34,sem praesent id,Quatz
4642117598,Duobam,Shoes,eu,60616,10,quis lectus suspendisse potenti in,Shufflester
8898795319,Bamity,Shoes,posuere,6897065,3,aenean sit amet justo morbi ut,Izio
9898482478,Treeflex,Kids,convallis,8618116,60,a suscipit nulla elit ac nulla sed,Twitternation
2877161064,Overhold,Outdoors,nullam varius,4105216,2,mauris ullamcorper purus,Tagopia
0816852294,Bitchip,Toys,praesent,274912,45,non lectus aliquam sit amet,Oyope
5730738269,Wrapsafe,Games,tristique,1999194,7,posuere nonummy integer,Babbleset
8030012918,Fixflex,Sports,justo,6732838,49,ultricies eu nibh quisque id justo,Browsezoom
8658793095,Matsoft,Sports,nunc nisl,6684124,59,massa quis augue luctus tincidunt nulla mollis,Yodel
5119535127,Tempsoft,Grocery,curabitur,760314,51,eget eros elementum pellentesque,Leexo
5257092026,Hatity,Home,primis,2119649,35,varius integer ac leo pellentesque,Kanoodle
8953379067,Flexidy,Sports,non mauris,9290358,16,eget eleifend luctus ultricies,Dabfeed
2182391606,Konklab,Clothing,vulputate,3693054,40,elit proin interdum mauris non ligula,Wordtune
8432488569,Zathin,Electronics,sapien cum,6679779,46,posuere metus vitae ipsum aliquam,Tambee
4415213545,Vagram,Beauty,interdum mauris,7300964,55,sagittis nam congue risus,Jabbertype
2923015061,Trippledex,Games,amet consectetuer,8724986,42,morbi quis tortor id nulla ultrices,Devbug
7816420897,Zaam-Dox,Sports,in sapien,7164410,52,et ultrices posuere,Thoughtworks
9145413339,Sonsing,Music,morbi a,5712104,16,nec dui luctus rutrum nulla tellus in,Geba
6981548755,Daltfresh,Home,integer pede,5829383,27,velit vivamus vel nulla eget,Rhynoodle
1579056857,Daltfresh,Clothing,erat,2010693,48,faucibus cursus urna,Browseblab
9971957272,Subin,Tools,porttitor lacus,4068866,3,habitasse platea dictumst etiam,Livetube
9189041097,Overhold,Jewelry,in porttitor,4178847,22,bibendum imperdiet nullam orci pede venenatis,Kwilith
3298995290,Subin,Clothing,a,555154,10,morbi sem mauris laoreet,Flashset
2018564927,Treeflex,Electronics,sed,9827226,13,nisl nunc rhoncus dui vel,Kare
4595655312,Otcom,Baby,feugiat,7297043,16,faucibus accumsan odio curabitur,Shufflebeat
8121174856,Zathin,Games,pede ac,8364933,10,nibh in quis justo maecenas rhoncus aliquam,Buzzbean
5851856270,Zathin,Tools,pede justo,8791031,11,curae mauris viverra diam vitae quam suspendisse,Jetpulse
2579712658,Hatity,Industrial,dis,3027780,42,purus eu magna vulputate luctus cum,Fatz
3511009685,Zaam-Dox,Beauty,leo,1322245,52,integer aliquet massa,Wordtune
1963950062,Fixflex,Grocery,ornare consequat,5127000,39,lacus purus aliquet at,Riffpath
3968022270,Flexidy,Beauty,nibh,3835038,4,ut massa quis augue,Aimbu
9198646761,Transcof,Clothing,pellentesque viverra,9086619,29,metus vitae ipsum aliquam non mauris,Aimbu
4509632746,Y-find,Industrial,ipsum,6197367,40,pede libero quis orci,Thoughtbridge
2277570818,Veribet,Clothing,pede posuere,574530,5,libero convallis eget,Demivee
2687975311,Flowdesk,Computers,felis sed,8107814,31,eu sapien cursus,Twimbo
1592564038,Alphazap,Home,nibh quisque,9998657,3,est quam pharetra magna ac consequat,Shuffledrive
4362339582,Konklab,Movies,in purus,2821182,17,integer non velit donec,Edgetag
2997059429,Rank,Jewelry,rhoncus sed,5565904,59,rutrum neque aenean auctor,Shuffledrive
0987686275,Latlux,Shoes,ligula sit,9708210,32,tempor convallis nulla,Quaxo
8442091033,Holdlamis,Jewelry,ac,8750422,24,felis sed interdum venenatis turpis enim blandit,Miboo
8570054343,Subin,Kids,amet sem,7903714,43,at nibh in hac,Yakitri
8435509427,Aerified,Jewelry,hac habitasse,7034698,60,et magnis dis parturient montes,Dabshots
6963537844,Subin,Clothing,amet,6542492,10,cursus urna ut,Minyx
3977704443,Tin,Clothing,vehicula,5306264,18,gravida nisi at nibh in hac habitasse,Talane
4165204803,Y-find,Shoes,ultrices libero,341619,16,augue vel accumsan tellus nisi eu orci,Devcast
9443591960,Flexidy,Kids,turpis elementum,113607,49,congue etiam justo,Jayo
2707530808,Redhold,Sports,semper,4131468,31,vitae nisi nam,Jabberstorm
8683507122,Treeflex,Jewelry,suspendisse accumsan,3175642,27,augue luctus tincidunt,Fadeo
3201626341,Viva,Outdoors,aliquet ultrices,9574163,58,lacinia nisi venenatis tristique fusce congue diam,Fivechat
1904793533,Subin,Games,ut,2898540,44,nec nisi vulputate nonummy maecenas,Gigazoom
9936825225,Zamit,Tools,blandit,2105853,44,ante ipsum primis,Flashdog
3156620394,Andalax,Beauty,mauris,8422456,21,blandit mi in porttitor pede justo eu,Kare
8517357612,Holdlamis,Home,nullam molestie,4444331,5,justo lacinia eget tincidunt eget tempus,Dabfeed
4885317630,Veribet,Toys,pretium,2286577,26,massa volutpat convallis morbi odio,Thoughtbridge
6312130053,Mat Lam Tam,Industrial,ut,7585451,51,nec molestie sed justo pellentesque viverra pede,Janyx
0098954784,Tin,Computers,at turpis,7776085,28,pede malesuada in imperdiet et commodo vulputate,Avaveo
1742738591,Tresom,Sports,in faucibus,5285763,21,proin leo odio porttitor id consequat,Camimbo
9149888951,Mat Lam Tam,Automotive,habitasse,6104346,8,egestas metus aenean fermentum donec ut mauris,Fliptune
3865900666,Tin,Shoes,ipsum,4849042,29,quis lectus suspendisse potenti in eleifend quam,Meezzy
2487466863,Viva,Garden,at lorem,426161,41,vulputate luctus cum sociis,Devcast
2259320562,Opela,Clothing,orci,3199898,47,ac consequat metus sapien ut nunc,Eazzy
4375672129,Lotstring,Outdoors,nullam sit,6860657,50,sem mauris laoreet ut rhoncus aliquet,Jabberbean
7594150945,Alphazap,Garden,nunc,7548776,23,non lectus aliquam,Edgetag
9915373767,Bitwolf,Computers,dictumst aliquam,7328703,40,pellentesque at nulla,Oyondu
0826608000,Prodder,Movies,sit,5657565,49,lectus in est risus auctor sed,Blogspan
6811715553,Asoka,Health,pede malesuada,6904640,26,lacus purus aliquet at feugiat non pretium,Flipopia
7905551385,Daltfresh,Books,at diam,7987808,53,at dolor quis odio consequat varius,Geba
5988168302,Stim,Games,felis,8777710,24,consequat in consequat ut nulla sed accumsan,Cogilith
0590881000,Ronstring,Industrial,morbi vel,3932795,45,venenatis non sodales sed,Tavu
3839917700,Hatity,Grocery,sit,7337913,4,condimentum neque sapien placerat ante nulla,Flashpoint
0404458882,Bitwolf,Industrial,etiam vel,270742,46,lobortis vel dapibus at,Nlounge
7231924123,Biodex,Home,integer aliquet,719266,33,amet eleifend pede libero quis orci nullam,Yozio
8117273977,Span,Sports,scelerisque,3622798,39,rhoncus dui vel sem,Tagtune
0275314553,Tres-Zap,Industrial,mauris,5057973,14,ante vel ipsum praesent blandit,Cogibox
2852940078,Tempsoft,Grocery,nunc,5441396,18,cras in purus,Livefish
8000301172,Span,Jewelry,est quam,9783648,30,ac consequat metus sapien ut nunc vestibulum,Brainverse
8061075555,Cardify,Books,amet,5569507,6,congue eget semper rutrum nulla nunc purus,Twitterbeat
1212590937,Fix San,Jewelry,proin leo,4731357,30,vestibulum ante ipsum primis in,Brainbox
5474998201,It,Music,consectetuer eget,2506696,16,platea dictumst morbi vestibulum velit id,Youspan
8940078225,Konklab,Industrial,quis lectus,5196981,4,tincidunt in leo maecenas pulvinar lobortis,Topiclounge
2909585190,Hatity,Shoes,posuere metus,5679673,18,sit amet turpis elementum ligula,Youspan
0448860376,Stim,Toys,imperdiet nullam,9097095,56,nulla sed vel,Blogpad
3413345907,Subin,Games,in felis,4993642,42,quis orci eget orci vehicula condimentum,Skyvu
7917895890,Tresom,Beauty,neque,3041828,21,lobortis est phasellus,Livepath
0483860409,Otcom,Computers,molestie hendrerit,9673440,5,iaculis congue vivamus metus arcu adipiscing molestie,Babbleopia
6038824715,Duobam,Beauty,ultricies eu,816442,23,curae nulla dapibus dolor vel est donec,Tavu
6842179602,Bigtax,Jewelry,bibendum felis,3892025,57,cursus urna ut,Thoughtbridge
4407247185,Cardguard,Clothing,ipsum,845703,5,molestie sed justo pellentesque viverra pede ac,Mudo
6254583402,Asoka,Toys,ut,6073442,16,augue aliquam erat,Gigaclub
6620755577,Flexidy,Movies,tincidunt,1025804,9,nullam molestie nibh in lectus pellentesque,Tagtune
7204302168,Holdlamis,Toys,nulla,4548921,60,sed sagittis nam congue risus semper,Jabbersphere
3645993673,Gembucket,Movies,faucibus,6849715,9,consectetuer adipiscing elit proin,Pixonyx
8799076055,Ventosanzap,Industrial,libero,2622686,40,interdum in ante vestibulum ante ipsum,Flipopia
5139939967,Gembucket,Health,feugiat et,340837,42,tortor duis mattis egestas,Cogibox
4882248859,Konklux,Baby,blandit,2890294,15,cras in purus eu magna vulputate,Photojam
6983122054,Zontrax,Home,neque libero,1832142,43,etiam pretium iaculis justo,Viva
6071189349,Konklab,Movies,facilisi cras,9090219,37,tortor risus dapibus augue vel accumsan,Zoomcast
3172793877,Daltfresh,Electronics,nulla neque,8569593,33,dolor quis odio consequat varius integer,Wordpedia
4586493771,Latlux,Home,lectus,7116744,30,pharetra magna vestibulum aliquet,Eamia
9031699373,Subin,Baby,sapien,7202982,54,odio in hac habitasse platea,Youspan
2645148328,Regrant,Kids,est,1613182,27,sollicitudin mi sit amet lobortis,Rooxo
5935742063,Stronghold,Jewelry,sem fusce,2747812,58,nulla justo aliquam quis turpis eget elit,Demimbu
4942461642,Alphazap,Baby,nulla tempus,6115495,7,in quis justo maecenas rhoncus aliquam lacus,Feedfire
9455042142,Trippledex,Toys,primis in,461490,41,mattis pulvinar nulla pede,Edgepulse
7891605416,Prodder,Shoes,vel lectus,7994132,45,leo rhoncus sed,Cogilith
7985056289,Zoolab,Home,dolor,2651986,5,ultrices posuere cubilia curae nulla dapibus,Yoveo
7085673036,Pannier,Grocery,ut,7590457,31,porttitor id consequat in consequat ut,Linkbuzz
7612294281,Transcof,Electronics,cum sociis,2866587,14,sed interdum venenatis,Meeveo
2621520871,Veribet,Outdoors,sollicitudin,3716820,33,odio in hac habitasse platea,Eimbee
1074239067,Stim,Baby,nullam porttitor,32298,4,ultricies eu nibh quisque,Mita
5629120069,Namfix,Clothing,purus,4000967,6,nec dui luctus rutrum nulla,Yozio
8156636422,Matsoft,Computers,orci,7575942,32,sagittis sapien cum,Realbuzz
6177767044,Tempsoft,Games,tortor id,9968951,9,nisl nunc nisl duis bibendum,Flashspan
0964957221,Temp,Industrial,tellus,3344370,35,nibh in quis justo,Avavee
8865332093,Prodder,Clothing,potenti,3518846,55,nulla dapibus dolor vel est donec odio,Kanoodle
8392122658,Flexidy,Electronics,sed accumsan,2654266,7,cubilia curae nulla,Skinder
8866956163,Kanlam,Music,at ipsum,6594185,52,platea dictumst aliquam,Flipopia
6494458149,Lotstring,Industrial,in,8926933,49,feugiat non pretium quis lectus suspendisse potenti,Skimia
2126754553,Subin,Electronics,nonummy integer,4991810,9,suspendisse accumsan tortor quis turpis,Trunyx
2485199779,Fix San,Industrial,diam cras,8248283,22,pharetra magna ac consequat metus,Twitterworks
6358085956,Zoolab,Tools,vel sem,6994590,51,id turpis integer aliquet massa,Pixoboo
2126287017,Voyatouch,Home,mauris viverra,4542198,29,in felis donec semper sapien a,Viva
7880599525,Toughjoyfax,Computers,tortor quis,1750990,2,at turpis a pede posuere nonummy,Topicstorm
0656487615,Prodder,Clothing,faucibus,8244132,57,auctor gravida sem praesent id massa id,Mynte
3045894135,Sub-Ex,Garden,cum sociis,9253018,37,sapien cursus vestibulum proin eu,Wordtune
4843730629,Voyatouch,Automotive,porttitor id,7074665,10,arcu adipiscing molestie hendrerit at vulputate vitae,Dabfeed
1241432899,Latlux,Beauty,ligula,4332726,26,bibendum imperdiet nullam orci pede venenatis non,Thoughtbridge
8712950645,Lotlux,Tools,pede justo,1304489,26,consequat varius integer ac leo,Linkbuzz
5715362415,Matsoft,Tools,semper,9456689,8,vestibulum ante ipsum primis in faucibus orci,Digitube
0269131957,Bigtax,Outdoors,gravida,2417547,22,amet turpis elementum ligula vehicula consequat morbi,Fatz
9787072654,Sub-Ex,Music,ipsum,4127676,48,ante ipsum primis in,Yadel
3620945330,Bitwolf,Electronics,urna,2865817,57,nulla eget eros elementum pellentesque quisque porta,Photobean
4281174494,Cookley,Jewelry,lorem,5164096,22,pretium quis lectus suspendisse,Yabox
6790349553,Hatity,Computers,sagittis,1925139,56,pretium iaculis diam erat fermentum,Divanoodle
1852481307,Konklux,Outdoors,curabitur,7834179,28,sodales sed tincidunt eu felis fusce posuere,Mydo
4322949932,Sonair,Clothing,convallis nulla,4853093,2,leo odio condimentum,Feedmix
6801962035,Mat Lam Tam,Movies,faucibus cursus,1399085,55,lacus morbi quis,Jabbercube
0155646389,Tresom,Beauty,purus,4690989,45,ut ultrices vel augue vestibulum ante ipsum,Skinder
8162120483,Fix San,Industrial,a pede,2930414,17,sit amet justo,Einti
2814896903,Wrapsafe,Books,iaculis justo,5290228,34,sapien placerat ante nulla justo aliquam quis,Quimm
0336956312,Konklab,Music,consectetuer adipiscing,5093039,55,leo pellentesque ultrices mattis,Twitterwire
4464067085,Fixflex,Clothing,pede libero,3174313,27,ornare imperdiet sapien urna,Rhyloo
3522616944,Subin,Baby,sed,7426087,31,erat vestibulum sed magna at nunc commodo,Photospace
8489206821,Y-Solowarm,Tools,gravida sem,7514767,33,turpis enim blandit mi in porttitor pede,Fliptune
9041520716,Toughjoyfax,Jewelry,sit amet,1388044,19,a nibh in,Mymm
5979839089,Zontrax,Clothing,dapibus,1749211,24,cum sociis natoque penatibus et magnis,Abata
5264360006,Cardify,Baby,vestibulum ante,7292492,35,nulla dapibus dolor vel est,Plambee
6888667006,Ronstring,Electronics,vel,2819629,46,sed tincidunt eu felis,Quamba
8606528382,Duobam,Home,vestibulum,8170668,15,lobortis sapien sapien,Katz
8598801496,Flowdesk,Electronics,justo lacinia,3709840,52,hac habitasse platea,Twimbo
5408682250,Zamit,Clothing,nisi vulputate,1808804,37,eget tincidunt eget,Jabbertype
2660043574,Tres-Zap,Home,eleifend donec,4979093,33,turpis adipiscing lorem vitae mattis,Zava
1625107064,Daltfresh,Books,vestibulum,2111500,35,vitae mattis nibh ligula,Eire
7181412345,Span,Books,porttitor pede,5826804,48,nullam porttitor lacus at,Trilith
1589138066,Latlux,Electronics,primis,5014237,43,justo in hac habitasse platea dictumst,Eamia
7363556660,Konklab,Sports,nunc,6415621,47,montes nascetur ridiculus mus etiam vel augue,Rhyloo
6781259490,Tin,Jewelry,at,364522,14,hendrerit at vulputate vitae nisl aenean,Twitternation
2195238380,Y-find,Beauty,donec,803810,1,id lobortis convallis tortor risus dapibus,Bubbletube
2249976422,Zontrax,Industrial,varius integer,1269484,33,adipiscing lorem vitae mattis,Zoomlounge
6109076074,Sonsing,Jewelry,neque,323840,55,tincidunt nulla mollis molestie lorem quisque,Jabbercube
7752379379,Zontrax,Home,id,2919380,25,iaculis congue vivamus,Livetube
8487021182,Temp,Sports,elit,4610372,1,molestie sed justo,Camido
9268352893,Zoolab,Movies,lobortis vel,1711589,25,ipsum primis in,Kimia
7925264535,Latlux,Health,adipiscing elit,2509549,20,volutpat in congue etiam justo,Aimbo
4726685228,Zontrax,Tools,dapibus nulla,6987527,8,ut blandit non interdum in,Photofeed
0894537733,Opela,Health,primis,7090053,60,accumsan odio curabitur convallis duis,Browsecat
4133566106,Kanlam,Music,metus aenean,1854825,27,imperdiet sapien urna pretium nisl,Topdrive
4771624135,Bigtax,Grocery,platea dictumst,323895,35,felis sed lacus morbi sem mauris,Fiveclub
1196986010,Aerified,Toys,luctus et,4224466,8,augue a suscipit nulla elit,Centimia
3846657387,Flexidy,Music,et,3796830,11,suspendisse potenti cras in purus,Trunyx
1146434774,Cookley,Kids,eleifend quam,7736393,39,lobortis sapien sapien non mi integer ac,Lazz
6952032371,Mat Lam Tam,Jewelry,ultrices posuere,2259171,24,duis aliquam convallis nunc proin,Kazio
9871691068,Job,Music,at diam,9689173,43,posuere nonummy integer non velit donec diam,Tavu
6921621081,Treeflex,Clothing,in tempor,348189,13,fermentum justo nec condimentum neque,Wikizz
3780259028,Biodex,Tools,vel enim,1825631,23,lorem quisque ut erat curabitur gravida,Centizu
8769506515,Job,Beauty,pede,3633919,24,nulla suscipit ligula in,Twimm
6789288023,Tresom,Books,nibh quisque,8666244,5,porttitor lorem id ligula suspendisse,Latz
4966603463,Stringtough,Garden,arcu libero,7681021,13,aliquam convallis nunc proin at,Yodel
9894282539,Viva,Toys,ridiculus mus,975165,47,faucibus orci luctus et ultrices,Twiyo
9272535409,Andalax,Baby,volutpat convallis,9400488,48,orci luctus et,Brainlounge
8170800382,Kanlam,Home,non,1493924,8,tortor id nulla ultrices,Kimia
7038666789,Flexidy,Electronics,neque aenean,8740677,30,sed vestibulum sit amet cursus id turpis,Ailane
2264972955,Tempsoft,Health,vivamus,136466,30,aliquam quis turpis eget,Mycat
5509842032,Andalax,Beauty,ut erat,8057670,55,lectus suspendisse potenti in eleifend,Skajo
9850233427,Matsoft,Jewelry,pede ac,7745283,34,pretium nisl ut volutpat sapien arcu sed,Kare
4755457343,Trippledex,Music,malesuada,4380148,59,leo pellentesque ultrices mattis,Twimbo
5221606828,Job,Health,eros vestibulum,1061146,48,vitae mattis nibh,Babbleset
9894445713,Stim,Kids,sit amet,4471976,8,morbi non lectus aliquam sit amet diam,Topicware
3885660849,Home Ing,Home,elit proin,5423638,27,lectus aliquam sit amet diam in magna,Zava
9766052832,Wrapsafe,Home,pellentesque,9211470,47,proin eu mi nulla ac,Edgeblab
7915097415,Sub-Ex,Jewelry,felis,9720757,3,dolor quis odio consequat varius,Zooveo
8786272039,Solarbreeze,Home,sit amet,4398853,50,at turpis a pede posuere,Tagopia
0206462344,Fintone,Games,proin at,7839674,12,montes nascetur ridiculus mus,Divanoodle
0218203993,Flexidy,Health,auctor sed,3455490,50,tincidunt eu felis fusce,Photojam
7179748242,Lotstring,Jewelry,consectetuer,6310148,33,suspendisse potenti cras in purus eu,Jamia
5696552129,Subin,Electronics,neque aenean,1997218,12,leo odio condimentum,Devshare
1403119872,Y-Solowarm,Movies,eget,8525594,42,sapien a libero nam dui proin,Chatterbridge
7174886841,Pannier,Games,in hac,5045278,4,amet consectetuer adipiscing elit proin interdum,Dabvine
7274776401,Bytecard,Home,risus,1307586,36,odio porttitor id consequat in,Tavu
0182850900,Regrant,Electronics,porttitor lacus,4089791,43,lobortis est phasellus sit amet,Abatz
0034722475,Hatity,Beauty,diam,5379069,35,luctus cum sociis natoque penatibus et,Skipfire
2540546765,Bitwolf,Computers,platea dictumst,7299416,45,potenti nullam porttitor,Fadeo
9180922422,Mat Lam Tam,Home,consequat,380255,44,ut nulla sed accumsan felis ut,Realmix
1170288170,Sonsing,Industrial,sed,183456,31,nec sem duis aliquam convallis,Bluezoom
9535142127,Sonsing,Tools,et tempus,4098183,53,mi in porttitor pede,Photolist
7529545906,Redhold,Shoes,in leo,8016577,32,sit amet diam in,Babbleblab
6171670200,Span,Home,id,33267,21,felis eu sapien,Leenti
7982927424,Bytecard,Games,id consequat,9768231,14,vulputate ut ultrices vel augue vestibulum,Twimm
2030272809,Sub-Ex,Music,ac,3247038,6,sociis natoque penatibus et magnis dis,Realblab
1542675197,Cardify,Industrial,arcu,6147967,41,venenatis non sodales sed tincidunt eu felis,Photolist
9525356388,Cardify,Automotive,vel sem,8177593,59,habitasse platea dictumst morbi vestibulum,Oba
7578513575,Job,Electronics,dui maecenas,8472860,13,curabitur at ipsum ac tellus semper,Oyoloo
8199595078,Keylex,Tools,aliquet,7137466,39,sed lacus morbi sem mauris laoreet ut,Mycat
3314952066,Job,Outdoors,hac habitasse,9958030,44,pharetra magna ac consequat metus,Yotz
6277549936,Zoolab,Kids,phasellus,3064962,8,faucibus orci luctus et ultrices posuere cubilia,Kayveo
7629060009,Daltfresh,Automotive,ligula,1518623,5,sit amet sapien,Camido
2488487570,Flowdesk,Home,in,1858270,55,sit amet eros suspendisse,Dabvine
8203070019,Quo Lux,Jewelry,sodales scelerisque,9070181,11,curabitur convallis duis consequat,Livefish
1039993966,Zamit,Toys,fusce congue,8732465,17,erat tortor sollicitudin mi sit,Yoveo
4360804113,Sonair,Tools,imperdiet sapien,2763778,54,odio porttitor id consequat in consequat ut,Brainlounge
6408632955,Quo Lux,Garden,ut mauris,531160,21,sagittis dui vel nisl duis,Yadel
8061564874,Overhold,Home,justo,7721061,50,lobortis est phasellus,Shuffletag
5216744347,Domainer,Baby,tortor duis,2224811,29,rutrum rutrum neque aenean auctor gravida,Devify
1968513558,Y-Solowarm,Health,consequat,4418089,58,justo morbi ut odio,Ooba
8191722348,Namfix,Electronics,sit,4546368,13,lectus vestibulum quam,Babbleopia
2930820845,Latlux,Shoes,convallis morbi,6272394,31,tortor eu pede,Skipfire
6582384783,Aerified,Games,volutpat,6984329,17,elementum pellentesque quisque,Kaymbo
7660980343,Keylex,Toys,lectus suspendisse,7978285,37,at velit vivamus,Quinu
8505337115,Voltsillam,Home,orci mauris,9790559,47,pharetra magna vestibulum aliquet ultrices erat tortor,Realbridge
6451107093,Veribet,Computers,eu felis,2667242,34,bibendum felis sed,Pixope
9205807311,Sonsing,Books,ullamcorper,1112666,20,vestibulum quam sapien varius ut,Dablist
4579754085,Latlux,Health,etiam,3850357,47,mi in porttitor pede,Photojam
1081281863,Redhold,Industrial,aenean,1375115,18,quam pede lobortis ligula sit amet,Rhyzio
6189248586,Lotstring,Jewelry,sed,1398233,17,fringilla rhoncus mauris enim,Trilia
4623394816,Subin,Computers,tincidunt,3527856,39,tellus nulla ut erat id mauris,Riffpedia
9551511654,Greenlam,Movies,donec,6461716,25,quis libero nullam sit amet turpis,Thoughtblab
2281691195,Pannier,Kids,integer,2267656,31,at velit vivamus vel,Teklist
9708692441,Domainer,Books,et,7243140,27,cubilia curae nulla,Jaxspan
3240194651,Tempsoft,Games,ultrices mattis,2790256,42,pede lobortis ligula sit amet eleifend,Jamia
8080242011,Toughjoyfax,Computers,sit amet,2658720,37,nisi vulputate nonummy,Dynabox
8353363992,Alpha,Sports,sollicitudin vitae,4060647,52,id justo sit amet,Zoonoodle
1777314976,Y-find,Outdoors,justo maecenas,8995738,41,erat volutpat in congue,Jetwire
0216685869,Zoolab,Books,a,3160535,59,eu felis fusce posuere felis sed lacus,Aimbo
0920888755,Greenlam,Baby,etiam,827970,1,lectus in quam fringilla rhoncus,Podcat
5849868402,Home Ing,Outdoors,ante,6091005,48,justo in blandit ultrices,Voonyx
0618333533,Veribet,Books,vel,5166593,47,imperdiet et commodo,Twimm
9953398879,Ronstring,Music,iaculis diam,1467565,41,nullam molestie nibh in lectus,Jabbertype
7981365449,Lotlux,Sports,vitae mattis,1698860,43,pede venenatis non sodales sed,Mydeo
4518562321,Namfix,Games,felis,190892,16,sapien dignissim vestibulum vestibulum ante ipsum primis,Devcast
7139171661,Bitwolf,Automotive,sollicitudin mi,6520427,38,convallis eget eleifend luctus ultricies,Linklinks
1648923038,Namfix,Toys,neque,3563794,42,a nibh in quis justo,Twitterwire
3902109017,Opela,Electronics,nunc,7987646,35,blandit non interdum in ante vestibulum,Voonyx
6443258282,Mat Lam Tam,Movies,quam fringilla,6484492,38,ut odio cras mi,Trupe
5120838383,Toughjoyfax,Tools,nulla pede,4074667,16,maecenas pulvinar lobortis est phasellus,Gigaclub
1205971939,Job,Kids,leo rhoncus,9353359,9,cubilia curae donec,Yabox
8416978573,Voyatouch,Garden,eget,2633862,1,in faucibus orci luctus et,Thoughtstorm
1607444135,Domainer,Kids,amet,6181409,18,sapien cursus vestibulum proin eu,Roombo
4444477814,Quo Lux,Shoes,nibh ligula,3892926,17,ipsum dolor sit amet consectetuer adipiscing elit,Jaloo
5226381379,Namfix,Computers,sit,2723797,35,nisl nunc nisl duis bibendum felis sed,Mydo
2870053797,Tempsoft,Kids,amet,4419180,49,donec ut dolor,Gigashots
6432209463,Flexidy,Games,dapibus augue,653979,20,mattis pulvinar nulla pede ullamcorper augue,Meejo
1398232807,Span,Beauty,montes nascetur,393500,42,libero rutrum ac lobortis vel dapibus at,InnoZ
0816267901,Sonair,Sports,ut at,9313587,19,lorem ipsum dolor sit amet,Omba
1324247843,Prodder,Garden,felis,9580810,54,maecenas rhoncus aliquam,Babbleset
3586590806,It,Grocery,et ultrices,7208431,10,aenean auctor gravida,JumpXS
1970494700,Toughjoyfax,Music,in,8288427,16,eleifend luctus ultricies,Riffpedia
7672577638,Tin,Kids,ipsum praesent,5507356,27,maecenas leo odio condimentum,Jayo
4369720729,Lotlux,Books,nam tristique,7531230,50,vivamus in felis,Skinte
2294162781,Stim,Sports,leo maecenas,2204209,58,fringilla rhoncus mauris enim leo rhoncus sed,Thoughtstorm
1049204433,Veribet,Baby,nam,5434106,22,potenti cras in purus eu magna,Devcast
0227634985,Hatity,Automotive,mi in,1119396,44,sed tristique in tempus,Skidoo
3146627132,Alphazap,Music,vulputate,8968996,54,morbi vestibulum velit id,Livefish
1794024379,Voyatouch,Sports,rutrum neque,4209784,21,mauris ullamcorper purus,Avavee
7648243318,Toughjoyfax,Music,fusce consequat,6405265,16,ultrices posuere cubilia,Roomm
0045002266,Bitchip,Outdoors,nam congue,5846503,34,mauris laoreet ut rhoncus,Zooveo
6114729218,Bytecard,Home,sem,2510458,52,ullamcorper augue a suscipit nulla elit ac,Jayo
7583317584,Transcof,Games,enim,2236377,17,turpis elementum ligula vehicula consequat morbi,Jaxbean
8959626597,Subin,Industrial,nec dui,4373758,36,dictumst etiam faucibus cursus,Zoomdog
7549936250,Zamit,Baby,nunc,1348365,2,nulla integer pede justo lacinia eget tincidunt,Skyvu
1882834275,Keylex,Industrial,sed,890103,23,sed lacus morbi sem mauris laoreet ut,Thoughtworks
3679189451,Transcof,Clothing,dolor,735021,57,porttitor lorem id,Demivee
5840589055,Sonair,Home,lobortis vel,7204299,35,arcu adipiscing molestie hendrerit at vulputate,Gabcube
3239573466,Zathin,Home,mattis,1522697,18,aenean sit amet justo,Thoughtstorm
1649432380,Regrant,Home,cubilia curae,1241427,41,habitasse platea dictumst aliquam augue quam sollicitudin,Avamm
8868620200,Tin,Books,posuere,7327937,23,et commodo vulputate justo in blandit,Flipbug
1791278442,Cardguard,Kids,nulla,4812973,23,quis turpis sed,Twitterbridge
1403114994,Tin,Health,morbi,9091881,60,luctus tincidunt nulla mollis,Edgepulse
7834687700,Sub-Ex,Tools,quam,8821206,42,dapibus dolor vel est donec odio justo,Mybuzz
5118423295,Alphazap,Home,pellentesque,3894332,39,augue vestibulum rutrum rutrum neque,Aivee
5728152961,Kanlam,Outdoors,ipsum,4079896,1,et commodo vulputate,Gabvine
0369322223,Ventosanzap,Movies,aliquam erat,9785830,56,est et tempus semper est quam pharetra,Jayo
3583167643,Treeflex,Outdoors,id,2067089,20,nec molestie sed justo pellentesque viverra,Voonder
2483735193,Alphazap,Shoes,cum sociis,9598197,42,cras pellentesque volutpat,Meedoo
7187422946,Sonsing,Sports,in faucibus,6341359,44,lectus pellentesque at nulla suspendisse,Jabbersphere
5148702273,Asoka,Clothing,malesuada in,1976298,35,velit donec diam neque vestibulum eget,Realcube
8396467633,Bamity,Tools,amet,7299263,47,id ligula suspendisse ornare,Eazzy
5897472882,Subin,Grocery,velit vivamus,133187,6,non sodales sed tincidunt eu felis fusce,Oyondu
5817537680,Stronghold,Outdoors,pellentesque,6882717,37,tellus semper interdum mauris ullamcorper purus sit,Livefish
7553455628,Flexidy,Automotive,et,1978167,8,maecenas rhoncus aliquam lacus morbi quis,Dazzlesphere
9235139511,Opela,Baby,enim,6929201,23,ac consequat metus,Avamba
8458409186,Stronghold,Books,at diam,8277681,31,morbi non lectus aliquam sit,BlogXS
5639917717,Redhold,Grocery,ultrices phasellus,4056317,14,aliquam quis turpis eget,Quimm
1756709718,Veribet,Clothing,integer,9376492,36,etiam justo etiam,Meetz
7244555555,Lotlux,Computers,faucibus,608762,48,nisl duis ac nibh fusce lacus purus,Wikibox
3963824263,Ronstring,Grocery,auctor gravida,8741819,45,justo nec condimentum,Riffpath
5213443826,Vagram,Baby,quisque erat,8773401,53,ut suscipit a feugiat et eros,Eamia
5485023479,Prodder,Games,nisl,9425713,55,a pede posuere nonummy integer,Vimbo
6008019121,Sonsing,Jewelry,faucibus accumsan,8185173,49,rutrum at lorem,Talane
4651751997,Job,Shoes,odio,3978968,1,sit amet consectetuer adipiscing,Kwilith
4793781780,Aerified,Industrial,elementum eu,5321604,48,cum sociis natoque penatibus et,Mybuzz
8256058978,Greenlam,Baby,nulla tellus,9637304,8,hac habitasse platea dictumst etiam,Flashspan
7361012051,Sonair,Games,lacinia,7604483,56,potenti in eleifend quam a odio,Skyba
5174843792,Fixflex,Games,potenti,7005024,37,ut suscipit a feugiat et,Kare
3489319435,Prodder,Kids,lobortis,1556593,36,pulvinar lobortis est,Cogidoo
8064678722,Tempsoft,Outdoors,sed,9213571,58,amet sapien dignissim vestibulum vestibulum ante ipsum,Fliptune
7252425584,Fixflex,Computers,eu,1710944,28,risus dapibus augue vel accumsan tellus nisi,Midel
1052335942,Wrapsafe,Jewelry,id massa,722242,18,elit sodales scelerisque mauris,Vidoo
9733085146,Prodder,Automotive,vestibulum sed,5754373,8,est congue elementum in hac,Livetube
8118443906,Aerified,Music,faucibus,6432790,44,at dolor quis odio consequat varius integer,Photofeed
6325839781,Quo Lux,Electronics,praesent blandit,3925544,13,augue vestibulum rutrum rutrum neque aenean,Devbug
8949723190,Zoolab,Health,ac,3057595,9,consequat ut nulla sed accumsan felis,Jaloo
9353480949,Overhold,Books,dis parturient,329855,56,convallis tortor risus dapibus augue vel accumsan,Thoughtbridge
8870253139,Redhold,Kids,accumsan tellus,2909127,46,vestibulum aliquet ultrices erat tortor sollicitudin mi,Cogilith
2393230270,Holdlamis,Computers,id nisl,5212972,9,sapien iaculis congue vivamus metus arcu,Meevee
6967669869,Subin,Home,cursus urna,8450238,32,ligula in lacus curabitur at ipsum,Bluezoom
3582247252,Tin,Electronics,elementum in,5318457,20,maecenas tincidunt lacus at,Meembee
2842003926,Greenlam,Sports,sem duis,9369599,1,eu orci mauris,Talane
0266309275,Sonair,Outdoors,vestibulum,4999279,26,sapien quis libero nullam sit amet turpis,Roodel
4792760097,Span,Baby,turpis,3217228,46,vivamus vestibulum sagittis sapien,Geba
2839096412,Zontrax,Kids,faucibus,8096259,16,suspendisse accumsan tortor quis,Trilith
3926485493,Regrant,Jewelry,blandit non,4241575,12,cubilia curae duis faucibus accumsan odio curabitur,Bluezoom
9877390698,Bitchip,Sports,rhoncus sed,4548017,22,orci eget orci vehicula condimentum curabitur in,Topicblab
2529829519,Cardguard,Toys,pharetra,2237906,7,metus aenean fermentum donec ut mauris eget,Photofeed
4347182767,Span,Movies,erat,9063473,24,at dolor quis,Roombo
1798628511,Andalax,Beauty,ut,8303306,3,vestibulum ante ipsum primis in,Oyoyo
6489609878,Wrapsafe,Industrial,in,3799996,18,mattis egestas metus aenean fermentum,Realcube
3757172760,Bytecard,Beauty,nulla nisl,9843022,30,nam dui proin,Einti
6168862765,Tempsoft,Health,tellus nisi,4890258,48,ligula suspendisse ornare consequat lectus in,Flashset
3433271348,Greenlam,Grocery,velit eu,1220530,48,parturient montes nascetur ridiculus mus vivamus vestibulum,Rhynyx
8681324969,Konklab,Computers,ut nunc,4016520,39,sed magna at nunc commodo placerat,Rooxo
0067792847,Gembucket,Computers,posuere felis,7633218,32,auctor sed tristique,Photobug
1779428588,Y-Solowarm,Baby,metus,2834905,34,dapibus duis at velit eu est congue,Shufflebeat
8698345557,Home Ing,Electronics,in libero,4519370,49,ante vel ipsum praesent blandit lacinia erat,Jaxnation
0398805695,Quo Lux,Books,curabitur gravida,5741546,39,posuere cubilia curae mauris,Mynte
1320507077,Prodder,Shoes,donec,5209775,29,rutrum ac lobortis vel dapibus at diam,Npath
1416221263,Stim,Computers,ac,9394122,19,blandit lacinia erat vestibulum,Tagfeed
5373374571,Fixflex,Health,mattis,9317676,33,sem sed sagittis,Kwideo
2825025976,Temp,Toys,lorem,6741832,24,purus aliquet at,Kamba
5169456034,Alphazap,Music,metus,63444,48,non lectus aliquam,Devpoint
3541022973,Otcom,Computers,massa,5581225,24,morbi odio odio elementum eu interdum eu,Roombo
1723967386,Prodder,Books,dapibus at,9917049,27,aliquam erat volutpat,Meevee
8627214565,Sonair,Games,ante ipsum,6638907,41,ornare consequat lectus,Tagtune
9363120880,Toughjoyfax,Grocery,risus,5505332,37,vestibulum ante ipsum primis in,Meembee
5308976791,Mat Lam Tam,Baby,ipsum,4166668,35,nibh fusce lacus purus aliquet at,Meedoo
4170367111,Stronghold,Automotive,id ornare,3529488,49,amet consectetuer adipiscing elit proin interdum mauris,Linkbridge
